tahun,kota_kota,kelurahan,jenis_kelamin,jumlah
2017,Kab.Kep.Seribu,P. Panggang,Laki-laki,1226
2017,Kab.Kep.Seribu,P. Kelapa,Laki-laki,1269
2017,Kab.Kep.Seribu,P. Harapan,Laki-laki,418
2017,Kab.Kep.Seribu,P. Untung Jawa,Laki-laki,430
2017,Kab.Kep.Seribu,P. Tidung,Laki-laki,989
2017,Kab.Kep.Seribu,P. Pari,Laki-laki,596
2017,Jakarta Pusat,Gambir,Laki-laki,361
2017,Jakarta Pusat,Cideng,Laki-laki,2439
2017,Jakarta Pusat,Petojo Utara,Laki-laki,3000
2017,Jakarta Pusat,Petojo Selatan,Laki-laki,2404
2017,Jakarta Pusat,Kebon Kelapa,Laki-laki,1776
2017,Jakarta Pusat,Duri Pulo,Laki-laki,3652
2017,Jakarta Pusat,Pasar Baru,Laki-laki,1869
2017,Jakarta Pusat,Karang Anyar,Laki-laki,4770
2017,Jakarta Pusat,Kartini,Laki-laki,3763
2017,Jakarta Pusat,Gunung Sahari Utara,Laki-laki,2600
2017,Jakarta Pusat,Mangga Dua Sltn,Laki-laki,4930
2017,Jakarta Pusat,Kemayoran,Laki-laki,3685
2017,Jakarta Pusat,Kebon Kosong,Laki-laki,5627
2017,Jakarta Pusat,Harapan Mulia,Laki-laki,4369
2017,Jakarta Pusat,Serdang,Laki-laki,5834
2017,Jakarta Pusat,Gunung Sahari Selatan,Laki-laki,3454
2017,Jakarta Pusat,Cempaka Baru,Laki-laki,6264
2017,Jakarta Pusat,Sumur Batu,Laki-laki,4174
2017,Jakarta Pusat,Utan Panjang,Laki-laki,5846
2017,Jakarta Pusat,Senen,Laki-laki,1270
2017,Jakarta Pusat,Kenari,Laki-laki,1513
2017,Jakarta Pusat,Paseban,Laki-laki,4124
2017,Jakarta Pusat,Kramat,Laki-laki,5465
2017,Jakarta Pusat,Kwitang,Laki-laki,2813
2017,Jakarta Pusat,Bungur,Laki-laki,3234
2017,Jakarta Pusat,Cempaka Putih Tmr,Laki-laki,4024
2017,Jakarta Pusat,Cempaka Putih Barat,Laki-laki,6499
2017,Jakarta Pusat,Rawasari,Laki-laki,3765
2017,Jakarta Pusat,Menteng,Laki-laki,4395
2017,Jakarta Pusat,Pegangsaan,Laki-laki,4222
2017,Jakarta Pusat,Cikini,Laki-laki,1405
2017,Jakarta Pusat,Gondangdia,Laki-laki,552
2017,Jakarta Pusat,Kebon Sirih,Laki-laki,2266
2017,Jakarta Pusat,Gelora,Laki-laki,536
2017,Jakarta Pusat,Bendungan Hilir,Laki-laki,3671
2017,Jakarta Pusat,Karet Tengsin,Laki-laki,3608
2017,Jakarta Pusat,Petamburan,Laki-laki,6732
2017,Jakarta Pusat,Kebon Melati,Laki-laki,6448
2017,Jakarta Pusat,Kebon Kacang,Laki-laki,3841
2017,Jakarta Pusat,Kampung Bali,Laki-laki,2215
2017,Jakarta Pusat,Johar Baru,Laki-laki,6817
2017,Jakarta Pusat,Kampung Rawa,Laki-laki,4284
2017,Jakarta Pusat,Galur,Laki-laki,3656
2017,Jakarta Pusat,Tanah Tinggi,Laki-laki,7454
2017,Jakarta Utara,Penjaringan,Laki-laki,16853
2017,Jakarta Utara,Kamal Muara,Laki-laki,2222
2017,Jakarta Utara,Kapuk Muara,Laki-laki,5926
2017,Jakarta Utara,Pejagalan,Laki-laki,12127
2017,Jakarta Utara,Pluit,Laki-laki,6492
2017,Jakarta Utara,Tanjung Priok,Laki-laki,6572
2017,Jakarta Utara,Sunter Jaya,Laki-laki,10684
2017,Jakarta Utara,Papanggo,Laki-laki,7316
2017,Jakarta Utara,Sungai Bambu,Laki-laki,5631
2017,Jakarta Utara,Kebon Bawang,Laki-laki,9443
2017,Jakarta Utara,Sunter Agung,Laki-laki,11563
2017,Jakarta Utara,Warakas,Laki-laki,8398
2017,Jakarta Utara,Koja,Laki-laki,5559
2017,Jakarta Utara,Tugu Utara,Laki-laki,13198
2017,Jakarta Utara,Lagoa,Laki-laki,11317
2017,Jakarta Utara,Rawa Badak Utara,Laki-laki,6534
2017,Jakarta Utara,Tugu Selatan,Laki-laki,7487
2017,Jakarta Utara,Rawa Badak Selatan,Laki-laki,8178
2017,Jakarta Utara,Cilincing,Laki-laki,8719
2017,Jakarta Utara,Sukapura,Laki-laki,10333
2017,Jakarta Utara,Marunda,Laki-laki,5752
2017,Jakarta Utara,Kali Baru,Laki-laki,14732
2017,Jakarta Utara,Semper Timur,Laki-laki,6832
2017,Jakarta Utara,Rorotan,Laki-laki,7913
2017,Jakarta Utara,Semper Barat,Laki-laki,13137
2017,Jakarta Utara,Pademangan Timur,Laki-laki,5851
2017,Jakarta Utara,Pademangan Barat,Laki-laki,14083
2017,Jakarta Utara,Ancol,Laki-laki,4410
2017,Jakarta Utara,Kelapa Gading Timur,Laki-laki,4818
2017,Jakarta Utara,Pegangsaan Dua,Laki-laki,7548
2017,Jakarta Utara,Kelapa Gading Barat,Laki-laki,5695
2017,Jakarta Barat,Cengkareng Barat,Laki-laki,10735
2017,Jakarta Barat,Duri Kosambi,Laki-laki,13014
2017,Jakarta Barat,Rawa Buaya,Laki-laki,10457
2017,Jakarta Barat,Kedaung Kali Angke,Laki-laki,5464
2017,Jakarta Barat,Kapuk,Laki-laki,23958
2017,Jakarta Barat,Cengkareng Timur,Laki-laki,13626
2017,Jakarta Barat,Grogol,Laki-laki,2381
2017,Jakarta Barat,Tanjung Duren Utara,Laki-laki,2348
2017,Jakarta Barat,Tomang,Laki-laki,4160
2017,Jakarta Barat,Jelambar,Laki-laki,4230
2017,Jakarta Barat,Tanjung Duren Selatan,Laki-laki,3439
2017,Jakarta Barat,Jelambar Baru,Laki-laki,5509
2017,Jakarta Barat,Wijaya Kusuma,Laki-laki,5956
2017,Jakarta Barat,Taman Sari,Laki-laki,1946
2017,Jakarta Barat,Krukut,Laki-laki,3001
2017,Jakarta Barat,Maphar,Laki-laki,2234
2017,Jakarta Barat,Tangki,Laki-laki,1745
2017,Jakarta Barat,Mangga Besar,Laki-laki,942
2017,Jakarta Barat,Keagungan,Laki-laki,2621
2017,Jakarta Barat,Glodok,Laki-laki,760
2017,Jakarta Barat,Pinangsia,Laki-laki,1526
2017,Jakarta Barat,Tambora,Laki-laki,1512
2017,Jakarta Barat,Kali Anyar,Laki-laki,4047
2017,Jakarta Barat,Duri Utara,Laki-laki,3231
2017,Jakarta Barat,Tanah Sereal,Laki-laki,3920
2017,Jakarta Barat,Kerendang,Laki-laki,3292
2017,Jakarta Barat,Jembatan Besi,Laki-laki,4983
2017,Jakarta Barat,Angke,Laki-laki,4666
2017,Jakarta Barat,Jembatan Lima,Laki-laki,3331
2017,Jakarta Barat,Pekojan,Laki-laki,3398
2017,Jakarta Barat,Roa Malaka,Laki-laki,375
2017,Jakarta Barat,Duri Selatan,Laki-laki,2223
2017,Jakarta Barat,Kebon Jeruk,Laki-laki,8396
2017,Jakarta Barat,Sukabumi Utara,Laki-laki,6309
2017,Jakarta Barat,Sukabumi Selatan,Laki-laki,6242
2017,Jakarta Barat,Kelapa Dua,Laki-laki,3747
2017,Jakarta Barat,Duri Kepa,Laki-laki,8477
2017,Jakarta Barat,Kedoya Utara,Laki-laki,6709
2017,Jakarta Barat,Kedoya Selatan,Laki-laki,4919
2017,Jakarta Barat,Kalideres,Laki-laki,11774
2017,Jakarta Barat,Semanan,Laki-laki,12759
2017,Jakarta Barat,Tegal Alur,Laki-laki,13877
2017,Jakarta Barat,Kamal,Laki-laki,9446
2017,Jakarta Barat,Pegadungan,Laki-laki,11979
2017,Jakarta Barat,Palmerah,Laki-laki,9888
2017,Jakarta Barat,Slipi,Laki-laki,2740
2017,Jakarta Barat,Kota Bambu Utara,Laki-laki,4345
2017,Jakarta Barat,Jati Pulo,Laki-laki,4762
2017,Jakarta Barat,Kemanggisan,Laki-laki,4975
2017,Jakarta Barat,Kota Bambu Selatan,Laki-laki,3713
2017,Jakarta Barat,Kembangan Utara,Laki-laki,9133
2017,Jakarta Barat,Meruya Utara,Laki-laki,6907
2017,Jakarta Barat,Meruya Selatan,Laki-laki,5338
2017,Jakarta Barat,Srengseng,Laki-laki,7486
2017,Jakarta Barat,Joglo,Laki-laki,6761
2017,Jakarta Barat,Kembangan Selatan,Laki-laki,3917
2017,Jakarta Selatan,Tebet Timur,Laki-laki,2749
2017,Jakarta Selatan,Tebet Barat,Laki-laki,3232
2017,Jakarta Selatan,Menteng Dalam,Laki-laki,6370
2017,Jakarta Selatan,Kebon Baru,Laki-laki,6366
2017,Jakarta Selatan,Bukit Duri,Laki-laki,6166
2017,Jakarta Selatan,Manggarai Selatan,Laki-laki,4001
2017,Jakarta Selatan,Manggarai,Laki-laki,5116
2017,Jakarta Selatan,Setia Budi,Laki-laki,433
2017,Jakarta Selatan,Karet Semanggi,Laki-laki,400
2017,Jakarta Selatan,Karet Kuningan,Laki-laki,2676
2017,Jakarta Selatan,Karet,Laki-laki,1599
2017,Jakarta Selatan,Menteng Atas,Laki-laki,4876
2017,Jakarta Selatan,Pasar Manggis,Laki-laki,4764
2017,Jakarta Selatan,Guntur,Laki-laki,523
2017,Jakarta Selatan,Kuningan Timur,Laki-laki,1017
2017,Jakarta Selatan,Mampang Prapatan,Laki-laki,3316
2017,Jakarta Selatan,Bangka,Laki-laki,3664
2017,Jakarta Selatan,Pela Mampang,Laki-laki,7445
2017,Jakarta Selatan,Tegal Parang,Laki-laki,5975
2017,Jakarta Selatan,Kuningan Barat,Laki-laki,2331
2017,Jakarta Selatan,Pasar Minggu,Laki-laki,4012
2017,Jakarta Selatan,Jati Padang,Laki-laki,6315
2017,Jakarta Selatan,Cilandak Timur,Laki-laki,4365
2017,Jakarta Selatan,Ragunan,Laki-laki,6762
2017,Jakarta Selatan,Pejaten Timur,Laki-laki,10284
2017,Jakarta Selatan,Pejaten Barat,Laki-laki,6147
2017,Jakarta Selatan,Kebagusan,Laki-laki,7835
2017,Jakarta Selatan,Kebayoran Lama Utara,Laki-laki,7355
2017,Jakarta Selatan,Pondok Pinang,Laki-laki,8987
2017,Jakarta Selatan,Cipulir,Laki-laki,6717
2017,Jakarta Selatan,Grogol Utara,Laki-laki,7282
2017,Jakarta Selatan,Grogol Selatan,Laki-laki,7370
2017,Jakarta Selatan,Kebayoran Lama Selatan,Laki-laki,6866
2017,Jakarta Selatan,Cilandak Barat,Laki-laki,8334
2017,Jakarta Selatan,Lebak Bulus,Laki-laki,5940
2017,Jakarta Selatan,Pondok Labu,Laki-laki,7732
2017,Jakarta Selatan,Gandaria Selatan,Laki-laki,3651
2017,Jakarta Selatan,Cipete Selatan,Laki-laki,4411
2017,Jakarta Selatan,Melawai,Laki-laki,302
2017,Jakarta Selatan,Gunung,Laki-laki,1372
2017,Jakarta Selatan,Kramat Pela,Laki-laki,2322
2017,Jakarta Selatan,Selong,Laki-laki,361
2017,Jakarta Selatan,Rawa Barat,Laki-laki,773
2017,Jakarta Selatan,Senayan,Laki-laki,412
2017,Jakarta Selatan,Pulo,Laki-laki,771
2017,Jakarta Selatan,Petogogan,Laki-laki,1791
2017,Jakarta Selatan,Gandaria Utara,Laki-laki,6339
2017,Jakarta Selatan,Cipete Utara,Laki-laki,5756
2017,Jakarta Selatan,Pancoran,Laki-laki,3397
2017,Jakarta Selatan,Kalibata,Laki-laki,7229
2017,Jakarta Selatan,Rawa Jati,Laki-laki,3141
2017,Jakarta Selatan,Duren Tiga,Laki-laki,4769
2017,Jakarta Selatan,Pengadegan,Laki-laki,3339
2017,Jakarta Selatan,Cikoko,Laki-laki,1838
2017,Jakarta Selatan,Jagakarsa,Laki-laki,10680
2017,Jakarta Selatan,Srengseng Sawah,Laki-laki,9990
2017,Jakarta Selatan,Ciganjur,Laki-laki,6439
2017,Jakarta Selatan,Lenteng Agung,Laki-laki,9600
2017,Jakarta Selatan,Tanjung Barat,Laki-laki,6838
2017,Jakarta Selatan,Cipedak,Laki-laki,6574
2017,Jakarta Selatan,Pesanggrahan,Laki-laki,4826
2017,Jakarta Selatan,Bintaro,Laki-laki,9001
2017,Jakarta Selatan,Petukangan Utara,Laki-laki,9378
2017,Jakarta Selatan,Petukangan Selatan,Laki-laki,6215
2017,Jakarta Selatan,Ulujami,Laki-laki,7177
2017,Jakarta Timur,Pisangan Baru,Laki-laki,5510
2017,Jakarta Timur,Utan Kayu Utara,Laki-laki,4956
2017,Jakarta Timur,Kayu Manis,Laki-laki,4389
2017,Jakarta Timur,Pal Meriam,Laki-laki,3189
2017,Jakarta Timur,Kebon Manggis,Laki-laki,2732
2017,Jakarta Timur,Utan Kayu Selatan,Laki-laki,5596
2017,Jakarta Timur,Pulo Gadung,Laki-laki,5650
2017,Jakarta Timur,Pisangan Timur,Laki-laki,7126
2017,Jakarta Timur,Cipinang,Laki-laki,6756
2017,Jakarta Timur,Jatinegara Kaum,Laki-laki,4377
2017,Jakarta Timur,Rawamangun,Laki-laki,6150
2017,Jakarta Timur,Kayu Putih,Laki-laki,6552
2017,Jakarta Timur,Jati,Laki-laki,5284
2017,Jakarta Timur,Kampung Melayu,Laki-laki,4848
2017,Jakarta Timur,Bidara Cina,Laki-laki,6073
2017,Jakarta Timur,Bali Mester,Laki-laki,1411
2017,Jakarta Timur,Rawa Bunga,Laki-laki,3814
2017,Jakarta Timur,Cipinang Cempedak,Laki-laki,5126
2017,Jakarta Timur,Cipinang Muara,Laki-laki,9237
2017,Jakarta Timur,Cipinang Besar Selatan,Laki-laki,6177
2017,Jakarta Timur,Cipinang Besar Utara,Laki-laki,8835
2017,Jakarta Timur,Kramat Jati,Laki-laki,5849
2017,Jakarta Timur,Kampung Tengah,Laki-laki,7995
2017,Jakarta Timur,Dukuh,Laki-laki,4439
2017,Jakarta Timur,Batu Ampar,Laki-laki,8278
2017,Jakarta Timur,Bale Kambang,Laki-laki,4993
2017,Jakarta Timur,Cililitan,Laki-laki,6928
2017,Jakarta Timur,Cawang,Laki-laki,5702
2017,Jakarta Timur,Gedong,Laki-laki,6131
2017,Jakarta Timur,Baru,Laki-laki,4540
2017,Jakarta Timur,Cijantung,Laki-laki,6952
2017,Jakarta Timur,Kalisari,Laki-laki,7373
2017,Jakarta Timur,Pekayon,Laki-laki,7539
2017,Jakarta Timur,Jatinegara,Laki-laki,15386
2017,Jakarta Timur,Rawa Terate,Laki-laki,4710
2017,Jakarta Timur,Penggilingan,Laki-laki,17644
2017,Jakarta Timur,Cakung Timur,Laki-laki,10370
2017,Jakarta Timur,Pulo Gebang,Laki-laki,16506
2017,Jakarta Timur,Ujung Menteng,Laki-laki,5210
2017,Jakarta Timur,Cakung Barat,Laki-laki,11022
2017,Jakarta Timur,Duren Sawit,Laki-laki,9981
2017,Jakarta Timur,Pondok Bambu,Laki-laki,10115
2017,Jakarta Timur,Klender,Laki-laki,12648
2017,Jakarta Timur,Pondok Kelapa,Laki-laki,11494
2017,Jakarta Timur,Malaka Sari,Laki-laki,4677
2017,Jakarta Timur,Malaka Jaya,Laki-laki,5332
2017,Jakarta Timur,Pondok Kopi,Laki-laki,5945
2017,Jakarta Timur,Makasar,Laki-laki,5883
2017,Jakarta Timur,Pinang Ranti,Laki-laki,4665
2017,Jakarta Timur,Kebon Pala,Laki-laki,8059
2017,Jakarta Timur,Halim Perdana Kusumah,Laki-laki,5207
2017,Jakarta Timur,Cipinang Melayu,Laki-laki,7274
2017,Jakarta Timur,Ciracas,Laki-laki,11091
2017,Jakarta Timur,Cibubur,Laki-laki,11379
2017,Jakarta Timur,Kelapa Dua Wetan,Laki-laki,7437
2017,Jakarta Timur,Susukan,Laki-laki,6476
2017,Jakarta Timur,Rambutan,Laki-laki,6609
2017,Jakarta Timur,Cipayung,Laki-laki,4479
2017,Jakarta Timur,Cilangkap,Laki-laki,4835
2017,Jakarta Timur,Pondok Ranggon,Laki-laki,4414
2017,Jakarta Timur,Munjul,Laki-laki,4126
2017,Jakarta Timur,Setu,Laki-laki,3548
2017,Jakarta Timur,Bambu Apus,Laki-laki,4358
2017,Jakarta Timur,Lubang Buaya,Laki-laki,11288
2017,Jakarta Timur,Ceger,Laki-laki,3291
2017,Kab.Kep.Seribu,P. Panggang,Perempuan,1186
2017,Kab.Kep.Seribu,P. Kelapa,Perempuan,1261
2017,Kab.Kep.Seribu,P. Harapan,Perempuan,438
2017,Kab.Kep.Seribu,P. Untung Jawa,Perempuan,406
2017,Kab.Kep.Seribu,P. Tidung,Perempuan,1015
2017,Kab.Kep.Seribu,P. Pari,Perempuan,615
2017,Jakarta Pusat,Gambir,Perempuan,368
2017,Jakarta Pusat,Cideng,Perempuan,2336
2017,Jakarta Pusat,Petojo Utara,Perempuan,2764
2017,Jakarta Pusat,Petojo Selatan,Perempuan,2285
2017,Jakarta Pusat,Kebon Kelapa,Perempuan,1571
2017,Jakarta Pusat,Duri Pulo,Perempuan,3492
2017,Jakarta Pusat,Pasar Baru,Perempuan,1731
2017,Jakarta Pusat,Karang Anyar,Perempuan,4439
2017,Jakarta Pusat,Kartini,Perempuan,3720
2017,Jakarta Pusat,Gunung Sahari Utara,Perempuan,2462
2017,Jakarta Pusat,Mangga Dua Sltn,Perempuan,4642
2017,Jakarta Pusat,Kemayoran,Perempuan,3579
2017,Jakarta Pusat,Kebon Kosong,Perempuan,5344
2017,Jakarta Pusat,Harapan Mulia,Perempuan,4108
2017,Jakarta Pusat,Serdang,Perempuan,5414
2017,Jakarta Pusat,Gunung Sahari Selatan,Perempuan,3214
2017,Jakarta Pusat,Cempaka Baru,Perempuan,5830
2017,Jakarta Pusat,Sumur Batu,Perempuan,3919
2017,Jakarta Pusat,Utan Panjang,Perempuan,5429
2017,Jakarta Pusat,Senen,Perempuan,1169
2017,Jakarta Pusat,Kenari,Perempuan,1412
2017,Jakarta Pusat,Paseban,Perempuan,3839
2017,Jakarta Pusat,Kramat,Perempuan,5047
2017,Jakarta Pusat,Kwitang,Perempuan,2627
2017,Jakarta Pusat,Bungur,Perempuan,3023
2017,Jakarta Pusat,Cempaka Putih Tmr,Perempuan,3803
2017,Jakarta Pusat,Cempaka Putih Barat,Perempuan,6103
2017,Jakarta Pusat,Rawasari,Perempuan,3520
2017,Jakarta Pusat,Menteng,Perempuan,4286
2017,Jakarta Pusat,Pegangsaan,Perempuan,3990
2017,Jakarta Pusat,Cikini,Perempuan,1327
2017,Jakarta Pusat,Gondangdia,Perempuan,540
2017,Jakarta Pusat,Kebon Sirih,Perempuan,2114
2017,Jakarta Pusat,Gelora,Perempuan,544
2017,Jakarta Pusat,Bendungan Hilir,Perempuan,3492
2017,Jakarta Pusat,Karet Tengsin,Perempuan,3397
2017,Jakarta Pusat,Petamburan,Perempuan,6334
2017,Jakarta Pusat,Kebon Melati,Perempuan,6077
2017,Jakarta Pusat,Kebon Kacang,Perempuan,3478
2017,Jakarta Pusat,Kampung Bali,Perempuan,2121
2017,Jakarta Pusat,Johar Baru,Perempuan,6450
2017,Jakarta Pusat,Kampung Rawa,Perempuan,4022
2017,Jakarta Pusat,Galur,Perempuan,3237
2017,Jakarta Pusat,Tanah Tinggi,Perempuan,6971
2017,Jakarta Utara,Penjaringan,Perempuan,15738
2017,Jakarta Utara,Kamal Muara,Perempuan,2118
2017,Jakarta Utara,Kapuk Muara,Perempuan,5454
2017,Jakarta Utara,Pejagalan,Perempuan,11581
2017,Jakarta Utara,Pluit,Perempuan,6066
2017,Jakarta Utara,Tanjung Priok,Perempuan,6199
2017,Jakarta Utara,Sunter Jaya,Perempuan,9975
2017,Jakarta Utara,Papanggo,Perempuan,6989
2017,Jakarta Utara,Sungai Bambu,Perempuan,5116
2017,Jakarta Utara,Kebon Bawang,Perempuan,8835
2017,Jakarta Utara,Sunter Agung,Perempuan,10871
2017,Jakarta Utara,Warakas,Perempuan,8014
2017,Jakarta Utara,Koja,Perempuan,4981
2017,Jakarta Utara,Tugu Utara,Perempuan,12375
2017,Jakarta Utara,Lagoa,Perempuan,10643
2017,Jakarta Utara,Rawa Badak Utara,Perempuan,6159
2017,Jakarta Utara,Tugu Selatan,Perempuan,6991
2017,Jakarta Utara,Rawa Badak Selatan,Perempuan,7650
2017,Jakarta Utara,Cilincing,Perempuan,8355
2017,Jakarta Utara,Sukapura,Perempuan,9740
2017,Jakarta Utara,Marunda,Perempuan,5274
2017,Jakarta Utara,Kali Baru,Perempuan,13607
2017,Jakarta Utara,Semper Timur,Perempuan,6449
2017,Jakarta Utara,Rorotan,Perempuan,7461
2017,Jakarta Utara,Semper Barat,Perempuan,12271
2017,Jakarta Utara,Pademangan Timur,Perempuan,5589
2017,Jakarta Utara,Pademangan Barat,Perempuan,12851
2017,Jakarta Utara,Ancol,Perempuan,4108
2017,Jakarta Utara,Kelapa Gading Timur,Perempuan,4529
2017,Jakarta Utara,Pegangsaan Dua,Perempuan,7073
2017,Jakarta Utara,Kelapa Gading Barat,Perempuan,5398
2017,Jakarta Barat,Cengkareng Barat,Perempuan,10112
2017,Jakarta Barat,Duri Kosambi,Perempuan,12560
2017,Jakarta Barat,Rawa Buaya,Perempuan,9785
2017,Jakarta Barat,Kedaung Kali Angke,Perempuan,5080
2017,Jakarta Barat,Kapuk,Perempuan,22416
2017,Jakarta Barat,Cengkareng Timur,Perempuan,12907
2017,Jakarta Barat,Grogol,Perempuan,2267
2017,Jakarta Barat,Tanjung Duren Utara,Perempuan,2142
2017,Jakarta Barat,Tomang,Perempuan,3936
2017,Jakarta Barat,Jelambar,Perempuan,3917
2017,Jakarta Barat,Tanjung Duren Selatan,Perempuan,3134
2017,Jakarta Barat,Jelambar Baru,Perempuan,5140
2017,Jakarta Barat,Wijaya Kusuma,Perempuan,5484
2017,Jakarta Barat,Taman Sari,Perempuan,1859
2017,Jakarta Barat,Krukut,Perempuan,2718
2017,Jakarta Barat,Maphar,Perempuan,2110
2017,Jakarta Barat,Tangki,Perempuan,1728
2017,Jakarta Barat,Mangga Besar,Perempuan,953
2017,Jakarta Barat,Keagungan,Perempuan,2388
2017,Jakarta Barat,Glodok,Perempuan,755
2017,Jakarta Barat,Pinangsia,Perempuan,1433
2017,Jakarta Barat,Tambora,Perempuan,1525
2017,Jakarta Barat,Kali Anyar,Perempuan,3886
2017,Jakarta Barat,Duri Utara,Perempuan,3028
2017,Jakarta Barat,Tanah Sereal,Perempuan,3673
2017,Jakarta Barat,Kerendang,Perempuan,3095
2017,Jakarta Barat,Jembatan Besi,Perempuan,4756
2017,Jakarta Barat,Angke,Perempuan,4460
2017,Jakarta Barat,Jembatan Lima,Perempuan,3052
2017,Jakarta Barat,Pekojan,Perempuan,3077
2017,Jakarta Barat,Roa Malaka,Perempuan,360
2017,Jakarta Barat,Duri Selatan,Perempuan,2012
2017,Jakarta Barat,Kebon Jeruk,Perempuan,7768
2017,Jakarta Barat,Sukabumi Utara,Perempuan,6006
2017,Jakarta Barat,Sukabumi Selatan,Perempuan,5957
2017,Jakarta Barat,Kelapa Dua,Perempuan,3604
2017,Jakarta Barat,Duri Kepa,Perempuan,8150
2017,Jakarta Barat,Kedoya Utara,Perempuan,6272
2017,Jakarta Barat,Kedoya Selatan,Perempuan,4601
2017,Jakarta Barat,Kalideres,Perempuan,10953
2017,Jakarta Barat,Semanan,Perempuan,11622
2017,Jakarta Barat,Tegal Alur,Perempuan,13490
2017,Jakarta Barat,Kamal,Perempuan,8810
2017,Jakarta Barat,Pegadungan,Perempuan,11381
2017,Jakarta Barat,Palmerah,Perempuan,9441
2017,Jakarta Barat,Slipi,Perempuan,2358
2017,Jakarta Barat,Kota Bambu Utara,Perempuan,4095
2017,Jakarta Barat,Jati Pulo,Perempuan,4461
2017,Jakarta Barat,Kemanggisan,Perempuan,4695
2017,Jakarta Barat,Kota Bambu Selatan,Perempuan,3412
2017,Jakarta Barat,Kembangan Utara,Perempuan,8608
2017,Jakarta Barat,Meruya Utara,Perempuan,6332
2017,Jakarta Barat,Meruya Selatan,Perempuan,5008
2017,Jakarta Barat,Srengseng,Perempuan,6946
2017,Jakarta Barat,Joglo,Perempuan,6350
2017,Jakarta Barat,Kembangan Selatan,Perempuan,3753
2017,Jakarta Selatan,Tebet Timur,Perempuan,2673
2017,Jakarta Selatan,Tebet Barat,Perempuan,3119
2017,Jakarta Selatan,Menteng Dalam,Perempuan,6003
2017,Jakarta Selatan,Kebon Baru,Perempuan,5885
2017,Jakarta Selatan,Bukit Duri,Perempuan,5680
2017,Jakarta Selatan,Manggarai Selatan,Perempuan,3744
2017,Jakarta Selatan,Manggarai,Perempuan,4779
2017,Jakarta Selatan,Setia Budi,Perempuan,443
2017,Jakarta Selatan,Karet Semanggi,Perempuan,360
2017,Jakarta Selatan,Karet Kuningan,Perempuan,2447
2017,Jakarta Selatan,Karet,Perempuan,1428
2017,Jakarta Selatan,Menteng Atas,Perempuan,4492
2017,Jakarta Selatan,Pasar Manggis,Perempuan,4507
2017,Jakarta Selatan,Guntur,Perempuan,514
2017,Jakarta Selatan,Kuningan Timur,Perempuan,925
2017,Jakarta Selatan,Mampang Prapatan,Perempuan,3142
2017,Jakarta Selatan,Bangka,Perempuan,3474
2017,Jakarta Selatan,Pela Mampang,Perempuan,7000
2017,Jakarta Selatan,Tegal Parang,Perempuan,5462
2017,Jakarta Selatan,Kuningan Barat,Perempuan,2126
2017,Jakarta Selatan,Pasar Minggu,Perempuan,3763
2017,Jakarta Selatan,Jati Padang,Perempuan,6007
2017,Jakarta Selatan,Cilandak Timur,Perempuan,4017
2017,Jakarta Selatan,Ragunan,Perempuan,6067
2017,Jakarta Selatan,Pejaten Timur,Perempuan,9778
2017,Jakarta Selatan,Pejaten Barat,Perempuan,5799
2017,Jakarta Selatan,Kebagusan,Perempuan,7404
2017,Jakarta Selatan,Kebayoran Lama Utara,Perempuan,6799
2017,Jakarta Selatan,Pondok Pinang,Perempuan,8490
2017,Jakarta Selatan,Cipulir,Perempuan,6531
2017,Jakarta Selatan,Grogol Utara,Perempuan,6778
2017,Jakarta Selatan,Grogol Selatan,Perempuan,7007
2017,Jakarta Selatan,Kebayoran Lama Selatan,Perempuan,6389
2017,Jakarta Selatan,Cilandak Barat,Perempuan,7775
2017,Jakarta Selatan,Lebak Bulus,Perempuan,5612
2017,Jakarta Selatan,Pondok Labu,Perempuan,7429
2017,Jakarta Selatan,Gandaria Selatan,Perempuan,3401
2017,Jakarta Selatan,Cipete Selatan,Perempuan,4172
2017,Jakarta Selatan,Melawai,Perempuan,321
2017,Jakarta Selatan,Gunung,Perempuan,1316
2017,Jakarta Selatan,Kramat Pela,Perempuan,2131
2017,Jakarta Selatan,Selong,Perempuan,336
2017,Jakarta Selatan,Rawa Barat,Perempuan,675
2017,Jakarta Selatan,Senayan,Perempuan,439
2017,Jakarta Selatan,Pulo,Perempuan,794
2017,Jakarta Selatan,Petogogan,Perempuan,1748
2017,Jakarta Selatan,Gandaria Utara,Perempuan,6063
2017,Jakarta Selatan,Cipete Utara,Perempuan,5664
2017,Jakarta Selatan,Pancoran,Perempuan,3200
2017,Jakarta Selatan,Kalibata,Perempuan,6889
2017,Jakarta Selatan,Rawa Jati,Perempuan,2886
2017,Jakarta Selatan,Duren Tiga,Perempuan,4256
2017,Jakarta Selatan,Pengadegan,Perempuan,3326
2017,Jakarta Selatan,Cikoko,Perempuan,1708
2017,Jakarta Selatan,Jagakarsa,Perempuan,10002
2017,Jakarta Selatan,Srengseng Sawah,Perempuan,9394
2017,Jakarta Selatan,Ciganjur,Perempuan,6093
2017,Jakarta Selatan,Lenteng Agung,Perempuan,8823
2017,Jakarta Selatan,Tanjung Barat,Perempuan,6568
2017,Jakarta Selatan,Cipedak,Perempuan,6249
2017,Jakarta Selatan,Pesanggrahan,Perempuan,4603
2017,Jakarta Selatan,Bintaro,Perempuan,8374
2017,Jakarta Selatan,Petukangan Utara,Perempuan,8993
2017,Jakarta Selatan,Petukangan Selatan,Perempuan,5948
2017,Jakarta Selatan,Ulujami,Perempuan,6824
2017,Jakarta Timur,Pisangan Baru,Perempuan,5095
2017,Jakarta Timur,Utan Kayu Utara,Perempuan,4445
2017,Jakarta Timur,Kayu Manis,Perempuan,4172
2017,Jakarta Timur,Pal Meriam,Perempuan,3126
2017,Jakarta Timur,Kebon Manggis,Perempuan,2435
2017,Jakarta Timur,Utan Kayu Selatan,Perempuan,5230
2017,Jakarta Timur,Pulo Gadung,Perempuan,5259
2017,Jakarta Timur,Pisangan Timur,Perempuan,6760
2017,Jakarta Timur,Cipinang,Perempuan,6152
2017,Jakarta Timur,Jatinegara Kaum,Perempuan,3979
2017,Jakarta Timur,Rawamangun,Perempuan,5891
2017,Jakarta Timur,Kayu Putih,Perempuan,6009
2017,Jakarta Timur,Jati,Perempuan,4915
2017,Jakarta Timur,Kampung Melayu,Perempuan,4555
2017,Jakarta Timur,Bidara Cina,Perempuan,5684
2017,Jakarta Timur,Bali Mester,Perempuan,1361
2017,Jakarta Timur,Rawa Bunga,Perempuan,3452
2017,Jakarta Timur,Cipinang Cempedak,Perempuan,4742
2017,Jakarta Timur,Cipinang Muara,Perempuan,8640
2017,Jakarta Timur,Cipinang Besar Selatan,Perempuan,5795
2017,Jakarta Timur,Cipinang Besar Utara,Perempuan,8189
2017,Jakarta Timur,Kramat Jati,Perempuan,5404
2017,Jakarta Timur,Kampung Tengah,Perempuan,7514
2017,Jakarta Timur,Dukuh,Perempuan,4171
2017,Jakarta Timur,Batu Ampar,Perempuan,7816
2017,Jakarta Timur,Bale Kambang,Perempuan,4596
2017,Jakarta Timur,Cililitan,Perempuan,6311
2017,Jakarta Timur,Cawang,Perempuan,5299
2017,Jakarta Timur,Gedong,Perempuan,5744
2017,Jakarta Timur,Baru,Perempuan,3991
2017,Jakarta Timur,Cijantung,Perempuan,6685
2017,Jakarta Timur,Kalisari,Perempuan,6953
2017,Jakarta Timur,Pekayon,Perempuan,7291
2017,Jakarta Timur,Jatinegara,Perempuan,14081
2017,Jakarta Timur,Rawa Terate,Perempuan,4362
2017,Jakarta Timur,Penggilingan,Perempuan,16471
2017,Jakarta Timur,Cakung Timur,Perempuan,9722
2017,Jakarta Timur,Pulo Gebang,Perempuan,15204
2017,Jakarta Timur,Ujung Menteng,Perempuan,4915
2017,Jakarta Timur,Cakung Barat,Perempuan,10229
2017,Jakarta Timur,Duren Sawit,Perempuan,9363
2017,Jakarta Timur,Pondok Bambu,Perempuan,9358
2017,Jakarta Timur,Klender,Perempuan,11677
2017,Jakarta Timur,Pondok Kelapa,Perempuan,10975
2017,Jakarta Timur,Malaka Sari,Perempuan,4272
2017,Jakarta Timur,Malaka Jaya,Perempuan,5000
2017,Jakarta Timur,Pondok Kopi,Perempuan,5593
2017,Jakarta Timur,Makasar,Perempuan,5471
2017,Jakarta Timur,Pinang Ranti,Perempuan,4510
2017,Jakarta Timur,Kebon Pala,Perempuan,7455
2017,Jakarta Timur,Halim Perdana Kusumah,Perempuan,5059
2017,Jakarta Timur,Cipinang Melayu,Perempuan,6804
2017,Jakarta Timur,Ciracas,Perempuan,10467
2017,Jakarta Timur,Cibubur,Perempuan,10760
2017,Jakarta Timur,Kelapa Dua Wetan,Perempuan,7099
2017,Jakarta Timur,Susukan,Perempuan,6044
2017,Jakarta Timur,Rambutan,Perempuan,6151
2017,Jakarta Timur,Cipayung,Perempuan,4006
2017,Jakarta Timur,Cilangkap,Perempuan,4546
2017,Jakarta Timur,Pondok Ranggon,Perempuan,4188
2017,Jakarta Timur,Munjul,Perempuan,3861
2017,Jakarta Timur,Setu,Perempuan,3293
2017,Jakarta Timur,Bambu Apus,Perempuan,4177
2017,Jakarta Timur,Lubang Buaya,Perempuan,10727
2017,Jakarta Timur,Ceger,Perempuan,2984
