tahun,nama_provinsi,nama_kabupaten_kota,nama_kecamatan,nama_kelurahan,jenis_kelamin,jumlah
2016,PROVINSI DKI JAKARTA,KAB.ADM.KEP.SERIBU,KEP. SERIBU UTR,P. PANGGANG,Laki-laki,1240
2016,PROVINSI DKI JAKARTA,KAB.ADM.KEP.SERIBU,KEP. SERIBU UTR,P. KELAPA,Laki-laki,1220
2016,PROVINSI DKI JAKARTA,KAB.ADM.KEP.SERIBU,KEP. SERIBU UTR,P. HARAPAN,Laki-laki,412
2016,PROVINSI DKI JAKARTA,KAB.ADM.KEP.SERIBU,KEP. SERIBU SLT,P. UNTUNG JAWA,Laki-laki,418
2016,PROVINSI DKI JAKARTA,KAB.ADM.KEP.SERIBU,KEP. SERIBU SLT,P. TIDUNG,Laki-laki,953
2016,PROVINSI DKI JAKARTA,KAB.ADM.KEP.SERIBU,KEP. SERIBU SLT,P. PARI,Laki-laki,573
2016,PROVINSI DKI JAKARTA,JAKARTA PUSAT,GAMBIR,GAMBIR,Laki-laki,408
2016,PROVINSI DKI JAKARTA,JAKARTA PUSAT,GAMBIR,CIDENG,Laki-laki,2542
2016,PROVINSI DKI JAKARTA,JAKARTA PUSAT,GAMBIR,PETOJO UTARA,Laki-laki,3178
2016,PROVINSI DKI JAKARTA,JAKARTA PUSAT,GAMBIR,PETOJO SELATAN,Laki-laki,2531
2016,PROVINSI DKI JAKARTA,JAKARTA PUSAT,GAMBIR,KEBON KELAPA,Laki-laki,1846
2016,PROVINSI DKI JAKARTA,JAKARTA PUSAT,GAMBIR,DURI PULO,Laki-laki,3852
2016,PROVINSI DKI JAKARTA,JAKARTA PUSAT,SAWAH BESAR,PASAR BARU,Laki-laki,1979
2016,PROVINSI DKI JAKARTA,JAKARTA PUSAT,SAWAH BESAR,KARANG ANYAR,Laki-laki,5025
2016,PROVINSI DKI JAKARTA,JAKARTA PUSAT,SAWAH BESAR,KARTINI,Laki-laki,3959
2016,PROVINSI DKI JAKARTA,JAKARTA PUSAT,SAWAH BESAR,GUNUNG SAHARI UTARA,Laki-laki,2768
2016,PROVINSI DKI JAKARTA,JAKARTA PUSAT,SAWAH BESAR,MANGGA DUA SELATAN,Laki-laki,5124
2016,PROVINSI DKI JAKARTA,JAKARTA PUSAT,KEMAYORAN,KEMAYORAN,Laki-laki,3830
2016,PROVINSI DKI JAKARTA,JAKARTA PUSAT,KEMAYORAN,KEBON KOSONG,Laki-laki,5903
2016,PROVINSI DKI JAKARTA,JAKARTA PUSAT,KEMAYORAN,HARAPAN MULIA,Laki-laki,4613
2016,PROVINSI DKI JAKARTA,JAKARTA PUSAT,KEMAYORAN,SERDANG,Laki-laki,6157
2016,PROVINSI DKI JAKARTA,JAKARTA PUSAT,KEMAYORAN,GUNUNG SAHARI SELATAN,Laki-laki,3638
2016,PROVINSI DKI JAKARTA,JAKARTA PUSAT,KEMAYORAN,CEMPAKA BARU,Laki-laki,6633
2016,PROVINSI DKI JAKARTA,JAKARTA PUSAT,KEMAYORAN,SUMUR BATU,Laki-laki,4370
2016,PROVINSI DKI JAKARTA,JAKARTA PUSAT,KEMAYORAN,UTAN PANJANG,Laki-laki,6111
2016,PROVINSI DKI JAKARTA,JAKARTA PUSAT,SENEN,SENEN,Laki-laki,1319
2016,PROVINSI DKI JAKARTA,JAKARTA PUSAT,SENEN,KENARI,Laki-laki,1614
2016,PROVINSI DKI JAKARTA,JAKARTA PUSAT,SENEN,PASEBAN,Laki-laki,4394
2016,PROVINSI DKI JAKARTA,JAKARTA PUSAT,SENEN,KRAMAT,Laki-laki,5823
2016,PROVINSI DKI JAKARTA,JAKARTA PUSAT,SENEN,KWITANG,Laki-laki,2961
2016,PROVINSI DKI JAKARTA,JAKARTA PUSAT,SENEN,BUNGUR,Laki-laki,3434
2016,PROVINSI DKI JAKARTA,JAKARTA PUSAT,CEMPAKA PUTIH,CEMPAKA PUTIH TIMUR,Laki-laki,4301
2016,PROVINSI DKI JAKARTA,JAKARTA PUSAT,CEMPAKA PUTIH,CEMPAKA PUTIH BARAT,Laki-laki,6884
2016,PROVINSI DKI JAKARTA,JAKARTA PUSAT,CEMPAKA PUTIH,RAWASARI,Laki-laki,3973
2016,PROVINSI DKI JAKARTA,JAKARTA PUSAT,MENTENG,MENTENG,Laki-laki,4695
2016,PROVINSI DKI JAKARTA,JAKARTA PUSAT,MENTENG,PEGANGSAAN,Laki-laki,4497
2016,PROVINSI DKI JAKARTA,JAKARTA PUSAT,MENTENG,CIKINI,Laki-laki,1503
2016,PROVINSI DKI JAKARTA,JAKARTA PUSAT,MENTENG,GONDANGDIA,Laki-laki,598
2016,PROVINSI DKI JAKARTA,JAKARTA PUSAT,MENTENG,KEBON SIRIH,Laki-laki,2432
2016,PROVINSI DKI JAKARTA,JAKARTA PUSAT,TANAH ABANG,GELORA,Laki-laki,572
2016,PROVINSI DKI JAKARTA,JAKARTA PUSAT,TANAH ABANG,BENDUNGAN HILIR,Laki-laki,3913
2016,PROVINSI DKI JAKARTA,JAKARTA PUSAT,TANAH ABANG,KARET TENGSIN,Laki-laki,3845
2016,PROVINSI DKI JAKARTA,JAKARTA PUSAT,TANAH ABANG,PETAMBURAN,Laki-laki,7168
2016,PROVINSI DKI JAKARTA,JAKARTA PUSAT,TANAH ABANG,KEBON MELATI,Laki-laki,6826
2016,PROVINSI DKI JAKARTA,JAKARTA PUSAT,TANAH ABANG,KEBON KACANG,Laki-laki,4090
2016,PROVINSI DKI JAKARTA,JAKARTA PUSAT,TANAH ABANG,KAMPUNG BALI,Laki-laki,2341
2016,PROVINSI DKI JAKARTA,JAKARTA PUSAT,JOHAR BARU,JOHAR BARU,Laki-laki,7231
2016,PROVINSI DKI JAKARTA,JAKARTA PUSAT,JOHAR BARU,KAMPUNG RAWA,Laki-laki,4557
2016,PROVINSI DKI JAKARTA,JAKARTA PUSAT,JOHAR BARU,GALUR,Laki-laki,3870
2016,PROVINSI DKI JAKARTA,JAKARTA PUSAT,JOHAR BARU,TANAH TINGGI,Laki-laki,7923
2016,PROVINSI DKI JAKARTA,JAKARTA UTARA,PENJARINGAN,PENJARINGAN,Laki-laki,17219
2016,PROVINSI DKI JAKARTA,JAKARTA UTARA,PENJARINGAN,KAMAL MUARA,Laki-laki,2273
2016,PROVINSI DKI JAKARTA,JAKARTA UTARA,PENJARINGAN,KAPUK MUARA,Laki-laki,5939
2016,PROVINSI DKI JAKARTA,JAKARTA UTARA,PENJARINGAN,PEJAGALAN,Laki-laki,12167
2016,PROVINSI DKI JAKARTA,JAKARTA UTARA,PENJARINGAN,PLUIT,Laki-laki,6456
2016,PROVINSI DKI JAKARTA,JAKARTA UTARA,TANJUNG PRIOK,TANJUNG PRIOK,Laki-laki,6468
2016,PROVINSI DKI JAKARTA,JAKARTA UTARA,TANJUNG PRIOK,SUNTER JAYA,Laki-laki,10413
2016,PROVINSI DKI JAKARTA,JAKARTA UTARA,TANJUNG PRIOK,PAPANGGO,Laki-laki,7203
2016,PROVINSI DKI JAKARTA,JAKARTA UTARA,TANJUNG PRIOK,SUNGAI BAMBU,Laki-laki,5534
2016,PROVINSI DKI JAKARTA,JAKARTA UTARA,TANJUNG PRIOK,KEBON BAWANG,Laki-laki,9291
2016,PROVINSI DKI JAKARTA,JAKARTA UTARA,TANJUNG PRIOK,SUNTER AGUNG,Laki-laki,11218
2016,PROVINSI DKI JAKARTA,JAKARTA UTARA,TANJUNG PRIOK,WARAKAS,Laki-laki,8271
2016,PROVINSI DKI JAKARTA,JAKARTA UTARA,KOJA,KOJA,Laki-laki,5409
2016,PROVINSI DKI JAKARTA,JAKARTA UTARA,KOJA,TUGU UTARA,Laki-laki,12957
2016,PROVINSI DKI JAKARTA,JAKARTA UTARA,KOJA,LAGOA,Laki-laki,11041
2016,PROVINSI DKI JAKARTA,JAKARTA UTARA,KOJA,RAWA BADAK UTARA,Laki-laki,6325
2016,PROVINSI DKI JAKARTA,JAKARTA UTARA,KOJA,TUGU SELATAN,Laki-laki,7470
2016,PROVINSI DKI JAKARTA,JAKARTA UTARA,KOJA,RAWA BADAK SELATAN,Laki-laki,7966
2016,PROVINSI DKI JAKARTA,JAKARTA UTARA,CILINCING,CILINCING,Laki-laki,8539
2016,PROVINSI DKI JAKARTA,JAKARTA UTARA,CILINCING,SUKAPURA,Laki-laki,10196
2016,PROVINSI DKI JAKARTA,JAKARTA UTARA,CILINCING,MARUNDA,Laki-laki,5677
2016,PROVINSI DKI JAKARTA,JAKARTA UTARA,CILINCING,KALI BARU,Laki-laki,14906
2016,PROVINSI DKI JAKARTA,JAKARTA UTARA,CILINCING,SEMPER TIMUR,Laki-laki,6740
2016,PROVINSI DKI JAKARTA,JAKARTA UTARA,CILINCING,ROROTAN,Laki-laki,7762
2016,PROVINSI DKI JAKARTA,JAKARTA UTARA,CILINCING,SEMPER BARAT,Laki-laki,12935
2016,PROVINSI DKI JAKARTA,JAKARTA UTARA,PADEMANGAN,PADEMANGAN TIMUR,Laki-laki,5697
2016,PROVINSI DKI JAKARTA,JAKARTA UTARA,PADEMANGAN,PADEMANGAN BARAT,Laki-laki,13966
2016,PROVINSI DKI JAKARTA,JAKARTA UTARA,PADEMANGAN,ANCOL,Laki-laki,4301
2016,PROVINSI DKI JAKARTA,JAKARTA UTARA,KELAPA GADING,KELAPA GADING TIMUR,Laki-laki,4351
2016,PROVINSI DKI JAKARTA,JAKARTA UTARA,KELAPA GADING,PEGANGSAAN DUA,Laki-laki,7139
2016,PROVINSI DKI JAKARTA,JAKARTA UTARA,KELAPA GADING,KELAPA GADING BARAT,Laki-laki,5383
2016,PROVINSI DKI JAKARTA,JAKARTA BARAT,CENGKARENG,CENGKARENG BARAT,Laki-laki,10803
2016,PROVINSI DKI JAKARTA,JAKARTA BARAT,CENGKARENG,DURI KOSAMBI,Laki-laki,13272
2016,PROVINSI DKI JAKARTA,JAKARTA BARAT,CENGKARENG,RAWA BUAYA,Laki-laki,10494
2016,PROVINSI DKI JAKARTA,JAKARTA BARAT,CENGKARENG,KEDAUNG KALI ANGKE,Laki-laki,5503
2016,PROVINSI DKI JAKARTA,JAKARTA BARAT,CENGKARENG,KAPUK,Laki-laki,24308
2016,PROVINSI DKI JAKARTA,JAKARTA BARAT,CENGKARENG,CENGKARENG TIMUR,Laki-laki,13796
2016,PROVINSI DKI JAKARTA,JAKARTA BARAT,GROGOL PETAMBURAN,GROGOL,Laki-laki,2318
2016,PROVINSI DKI JAKARTA,JAKARTA BARAT,GROGOL PETAMBURAN,TANJUNG DUREN UTARA,Laki-laki,2320
2016,PROVINSI DKI JAKARTA,JAKARTA BARAT,GROGOL PETAMBURAN,TOMANG,Laki-laki,4153
2016,PROVINSI DKI JAKARTA,JAKARTA BARAT,GROGOL PETAMBURAN,JELAMBAR,Laki-laki,4138
2016,PROVINSI DKI JAKARTA,JAKARTA BARAT,GROGOL PETAMBURAN,TANJUNG DUREN SELATAN,Laki-laki,3324
2016,PROVINSI DKI JAKARTA,JAKARTA BARAT,GROGOL PETAMBURAN,JELAMBAR BARU,Laki-laki,5423
2016,PROVINSI DKI JAKARTA,JAKARTA BARAT,GROGOL PETAMBURAN,WIJAYA KUSUMA,Laki-laki,5911
2016,PROVINSI DKI JAKARTA,JAKARTA BARAT,TAMAN SARI,TAMAN SARI,Laki-laki,1886
2016,PROVINSI DKI JAKARTA,JAKARTA BARAT,TAMAN SARI,KRUKUT,Laki-laki,2946
2016,PROVINSI DKI JAKARTA,JAKARTA BARAT,TAMAN SARI,MAPHAR,Laki-laki,2194
2016,PROVINSI DKI JAKARTA,JAKARTA BARAT,TAMAN SARI,TANGKI,Laki-laki,1669
2016,PROVINSI DKI JAKARTA,JAKARTA BARAT,TAMAN SARI,MANGGA BESAR,Laki-laki,906
2016,PROVINSI DKI JAKARTA,JAKARTA BARAT,TAMAN SARI,KEAGUNGAN,Laki-laki,2601
2016,PROVINSI DKI JAKARTA,JAKARTA BARAT,TAMAN SARI,GLODOK,Laki-laki,752
2016,PROVINSI DKI JAKARTA,JAKARTA BARAT,TAMAN SARI,PINANGSIA,Laki-laki,1489
2016,PROVINSI DKI JAKARTA,JAKARTA BARAT,TAMBORA,TAMBORA,Laki-laki,1492
2016,PROVINSI DKI JAKARTA,JAKARTA BARAT,TAMBORA,KALI ANYAR,Laki-laki,4035
2016,PROVINSI DKI JAKARTA,JAKARTA BARAT,TAMBORA,DURI UTARA,Laki-laki,3199
2016,PROVINSI DKI JAKARTA,JAKARTA BARAT,TAMBORA,TANAH SEREAL,Laki-laki,3902
2016,PROVINSI DKI JAKARTA,JAKARTA BARAT,TAMBORA,KERENDANG,Laki-laki,3284
2016,PROVINSI DKI JAKARTA,JAKARTA BARAT,TAMBORA,JEMBATAN BESI,Laki-laki,4947
2016,PROVINSI DKI JAKARTA,JAKARTA BARAT,TAMBORA,ANGKE,Laki-laki,4603
2016,PROVINSI DKI JAKARTA,JAKARTA BARAT,TAMBORA,JEMBATAN LIMA,Laki-laki,3276
2016,PROVINSI DKI JAKARTA,JAKARTA BARAT,TAMBORA,PEKOJAN,Laki-laki,3353
2016,PROVINSI DKI JAKARTA,JAKARTA BARAT,TAMBORA,ROA MALAKA,Laki-laki,377
2016,PROVINSI DKI JAKARTA,JAKARTA BARAT,TAMBORA,DURI SELATAN,Laki-laki,2202
2016,PROVINSI DKI JAKARTA,JAKARTA BARAT,KEBON JERUK,KEBON JERUK,Laki-laki,8385
2016,PROVINSI DKI JAKARTA,JAKARTA BARAT,KEBON JERUK,SUKABUMI UTARA,Laki-laki,6284
2016,PROVINSI DKI JAKARTA,JAKARTA BARAT,KEBON JERUK,SUKABUMI SELATAN,Laki-laki,6290
2016,PROVINSI DKI JAKARTA,JAKARTA BARAT,KEBON JERUK,KELAPA DUA,Laki-laki,3739
2016,PROVINSI DKI JAKARTA,JAKARTA BARAT,KEBON JERUK,DURI KEPA,Laki-laki,8360
2016,PROVINSI DKI JAKARTA,JAKARTA BARAT,KEBON JERUK,KEDOYA UTARA,Laki-laki,6662
2016,PROVINSI DKI JAKARTA,JAKARTA BARAT,KEBON JERUK,KEDOYA SELATAN,Laki-laki,4833
2016,PROVINSI DKI JAKARTA,JAKARTA BARAT,KALI DERES,KALIDERES,Laki-laki,11732
2016,PROVINSI DKI JAKARTA,JAKARTA BARAT,KALI DERES,SEMANAN,Laki-laki,12664
2016,PROVINSI DKI JAKARTA,JAKARTA BARAT,KALI DERES,TEGAL ALUR,Laki-laki,13752
2016,PROVINSI DKI JAKARTA,JAKARTA BARAT,KALI DERES,KAMAL,Laki-laki,9625
2016,PROVINSI DKI JAKARTA,JAKARTA BARAT,KALI DERES,PEGADUNGAN,Laki-laki,12071
2016,PROVINSI DKI JAKARTA,JAKARTA BARAT,PALMERAH,PALMERAH,Laki-laki,9793
2016,PROVINSI DKI JAKARTA,JAKARTA BARAT,PALMERAH,SLIPI,Laki-laki,2734
2016,PROVINSI DKI JAKARTA,JAKARTA BARAT,PALMERAH,KOTA BAMBU UTARA,Laki-laki,4255
2016,PROVINSI DKI JAKARTA,JAKARTA BARAT,PALMERAH,JATI PULO,Laki-laki,4693
2016,PROVINSI DKI JAKARTA,JAKARTA BARAT,PALMERAH,KEMANGGISAN,Laki-laki,4941
2016,PROVINSI DKI JAKARTA,JAKARTA BARAT,PALMERAH,KOTA BAMBU SELATAN,Laki-laki,3654
2016,PROVINSI DKI JAKARTA,JAKARTA BARAT,KEMBANGAN,KEMBANGAN UTARA,Laki-laki,8807
2016,PROVINSI DKI JAKARTA,JAKARTA BARAT,KEMBANGAN,MERUYA UTARA,Laki-laki,6339
2016,PROVINSI DKI JAKARTA,JAKARTA BARAT,KEMBANGAN,MERUYA SELATAN,Laki-laki,5029
2016,PROVINSI DKI JAKARTA,JAKARTA BARAT,KEMBANGAN,SRENGSENG,Laki-laki,7111
2016,PROVINSI DKI JAKARTA,JAKARTA BARAT,KEMBANGAN,JOGLO,Laki-laki,6405
2016,PROVINSI DKI JAKARTA,JAKARTA BARAT,KEMBANGAN,KEMBANGAN SELATAN,Laki-laki,3637
2016,PROVINSI DKI JAKARTA,JAKARTA SELATAN,TEBET,TEBET TIMUR,Laki-laki,2806
2016,PROVINSI DKI JAKARTA,JAKARTA SELATAN,TEBET,TEBET BARAT,Laki-laki,3302
2016,PROVINSI DKI JAKARTA,JAKARTA SELATAN,TEBET,MENTENG DALAM,Laki-laki,6498
2016,PROVINSI DKI JAKARTA,JAKARTA SELATAN,TEBET,KEBON BARU,Laki-laki,6403
2016,PROVINSI DKI JAKARTA,JAKARTA SELATAN,TEBET,BUKIT DURI,Laki-laki,6315
2016,PROVINSI DKI JAKARTA,JAKARTA SELATAN,TEBET,MANGGARAI SELATAN,Laki-laki,4049
2016,PROVINSI DKI JAKARTA,JAKARTA SELATAN,TEBET,MANGGARAI,Laki-laki,5237
2016,PROVINSI DKI JAKARTA,JAKARTA SELATAN,SETIA BUDI,SETIA BUDI,Laki-laki,440
2016,PROVINSI DKI JAKARTA,JAKARTA SELATAN,SETIA BUDI,KARET SEMANGGI,Laki-laki,396
2016,PROVINSI DKI JAKARTA,JAKARTA SELATAN,SETIA BUDI,KARET KUNINGAN,Laki-laki,2589
2016,PROVINSI DKI JAKARTA,JAKARTA SELATAN,SETIA BUDI,KARET,Laki-laki,1591
2016,PROVINSI DKI JAKARTA,JAKARTA SELATAN,SETIA BUDI,MENTENG ATAS,Laki-laki,4898
2016,PROVINSI DKI JAKARTA,JAKARTA SELATAN,SETIA BUDI,PASAR MANGGIS,Laki-laki,4854
2016,PROVINSI DKI JAKARTA,JAKARTA SELATAN,SETIA BUDI,GUNTUR,Laki-laki,534
2016,PROVINSI DKI JAKARTA,JAKARTA SELATAN,SETIA BUDI,KUNINGAN TIMUR,Laki-laki,1036
2016,PROVINSI DKI JAKARTA,JAKARTA SELATAN,MAMPANG PRAPATAN,MAMPANG PRAPATAN,Laki-laki,3321
2016,PROVINSI DKI JAKARTA,JAKARTA SELATAN,MAMPANG PRAPATAN,BANGKA,Laki-laki,3676
2016,PROVINSI DKI JAKARTA,JAKARTA SELATAN,MAMPANG PRAPATAN,PELA MAMPANG,Laki-laki,7539
2016,PROVINSI DKI JAKARTA,JAKARTA SELATAN,MAMPANG PRAPATAN,TEGAL PARANG,Laki-laki,6020
2016,PROVINSI DKI JAKARTA,JAKARTA SELATAN,MAMPANG PRAPATAN,KUNINGAN BARAT,Laki-laki,2298
2016,PROVINSI DKI JAKARTA,JAKARTA SELATAN,PASAR MINGGU,PASAR MINGGU,Laki-laki,3877
2016,PROVINSI DKI JAKARTA,JAKARTA SELATAN,PASAR MINGGU,JATI PADANG,Laki-laki,6202
2016,PROVINSI DKI JAKARTA,JAKARTA SELATAN,PASAR MINGGU,CILANDAK TIMUR,Laki-laki,4249
2016,PROVINSI DKI JAKARTA,JAKARTA SELATAN,PASAR MINGGU,RAGUNAN,Laki-laki,6661
2016,PROVINSI DKI JAKARTA,JAKARTA SELATAN,PASAR MINGGU,PEJATEN TIMUR,Laki-laki,9918
2016,PROVINSI DKI JAKARTA,JAKARTA SELATAN,PASAR MINGGU,PEJATEN BARAT,Laki-laki,6007
2016,PROVINSI DKI JAKARTA,JAKARTA SELATAN,PASAR MINGGU,KEBAGUSAN,Laki-laki,7716
2016,PROVINSI DKI JAKARTA,JAKARTA SELATAN,KEBAYORAN LAMA,KEBAYORAN LAMA UTARA,Laki-laki,7257
2016,PROVINSI DKI JAKARTA,JAKARTA SELATAN,KEBAYORAN LAMA,PONDOK PINANG,Laki-laki,8966
2016,PROVINSI DKI JAKARTA,JAKARTA SELATAN,KEBAYORAN LAMA,CIPULIR,Laki-laki,6608
2016,PROVINSI DKI JAKARTA,JAKARTA SELATAN,KEBAYORAN LAMA,GROGOL UTARA,Laki-laki,7159
2016,PROVINSI DKI JAKARTA,JAKARTA SELATAN,KEBAYORAN LAMA,GROGOL SELATAN,Laki-laki,7283
2016,PROVINSI DKI JAKARTA,JAKARTA SELATAN,KEBAYORAN LAMA,KEBAYORAN LAMA SELATAN,Laki-laki,6786
2016,PROVINSI DKI JAKARTA,JAKARTA SELATAN,CILANDAK,CILANDAK BARAT,Laki-laki,8241
2016,PROVINSI DKI JAKARTA,JAKARTA SELATAN,CILANDAK,LEBAK BULUS,Laki-laki,5813
2016,PROVINSI DKI JAKARTA,JAKARTA SELATAN,CILANDAK,PONDOK LABU,Laki-laki,7636
2016,PROVINSI DKI JAKARTA,JAKARTA SELATAN,CILANDAK,GANDARIA SELATAN,Laki-laki,3593
2016,PROVINSI DKI JAKARTA,JAKARTA SELATAN,CILANDAK,CIPETE SELATAN,Laki-laki,4301
2016,PROVINSI DKI JAKARTA,JAKARTA SELATAN,KEBAYORAN BARU,MELAWAI,Laki-laki,305
2016,PROVINSI DKI JAKARTA,JAKARTA SELATAN,KEBAYORAN BARU,GUNUNG,Laki-laki,1331
2016,PROVINSI DKI JAKARTA,JAKARTA SELATAN,KEBAYORAN BARU,KRAMAT PELA,Laki-laki,2285
2016,PROVINSI DKI JAKARTA,JAKARTA SELATAN,KEBAYORAN BARU,SELONG,Laki-laki,363
2016,PROVINSI DKI JAKARTA,JAKARTA SELATAN,KEBAYORAN BARU,RAWA BARAT,Laki-laki,794
2016,PROVINSI DKI JAKARTA,JAKARTA SELATAN,KEBAYORAN BARU,SENAYAN,Laki-laki,400
2016,PROVINSI DKI JAKARTA,JAKARTA SELATAN,KEBAYORAN BARU,PULO,Laki-laki,752
2016,PROVINSI DKI JAKARTA,JAKARTA SELATAN,KEBAYORAN BARU,PETOGOGAN,Laki-laki,1758
2016,PROVINSI DKI JAKARTA,JAKARTA SELATAN,KEBAYORAN BARU,GANDARIA UTARA,Laki-laki,6320
2016,PROVINSI DKI JAKARTA,JAKARTA SELATAN,KEBAYORAN BARU,CIPETE UTARA,Laki-laki,5703
2016,PROVINSI DKI JAKARTA,JAKARTA SELATAN,PANCORAN,PANCORAN,Laki-laki,3289
2016,PROVINSI DKI JAKARTA,JAKARTA SELATAN,PANCORAN,KALIBATA,Laki-laki,7105
2016,PROVINSI DKI JAKARTA,JAKARTA SELATAN,PANCORAN,RAWA JATI,Laki-laki,3071
2016,PROVINSI DKI JAKARTA,JAKARTA SELATAN,PANCORAN,DUREN TIGA,Laki-laki,4717
2016,PROVINSI DKI JAKARTA,JAKARTA SELATAN,PANCORAN,PENGADEGAN,Laki-laki,3182
2016,PROVINSI DKI JAKARTA,JAKARTA SELATAN,PANCORAN,CIKOKO,Laki-laki,1779
2016,PROVINSI DKI JAKARTA,JAKARTA SELATAN,JAGAKARSA,JAGAKARSA,Laki-laki,10453
2016,PROVINSI DKI JAKARTA,JAKARTA SELATAN,JAGAKARSA,SRENGSENG SAWAH,Laki-laki,9903
2016,PROVINSI DKI JAKARTA,JAKARTA SELATAN,JAGAKARSA,CIGANJUR,Laki-laki,6428
2016,PROVINSI DKI JAKARTA,JAKARTA SELATAN,JAGAKARSA,LENTENG AGUNG,Laki-laki,9430
2016,PROVINSI DKI JAKARTA,JAKARTA SELATAN,JAGAKARSA,TANJUNG BARAT,Laki-laki,6760
2016,PROVINSI DKI JAKARTA,JAKARTA SELATAN,JAGAKARSA,CIPEDAK,Laki-laki,6466
2016,PROVINSI DKI JAKARTA,JAKARTA SELATAN,PESANGGRAHAN,PESANGGRAHAN,Laki-laki,4822
2016,PROVINSI DKI JAKARTA,JAKARTA SELATAN,PESANGGRAHAN,BINTARO,Laki-laki,8810
2016,PROVINSI DKI JAKARTA,JAKARTA SELATAN,PESANGGRAHAN,PETUKANGAN UTARA,Laki-laki,9313
2016,PROVINSI DKI JAKARTA,JAKARTA SELATAN,PESANGGRAHAN,PETUKANGAN SELATAN,Laki-laki,6061
2016,PROVINSI DKI JAKARTA,JAKARTA SELATAN,PESANGGRAHAN,ULUJAMI,Laki-laki,7078
2016,PROVINSI DKI JAKARTA,JAKARTA TIMUR,MATRAMAN,PISANGAN BARU,Laki-laki,5586
2016,PROVINSI DKI JAKARTA,JAKARTA TIMUR,MATRAMAN,UTAN KAYU UTARA,Laki-laki,5007
2016,PROVINSI DKI JAKARTA,JAKARTA TIMUR,MATRAMAN,KAYU MANIS,Laki-laki,4362
2016,PROVINSI DKI JAKARTA,JAKARTA TIMUR,MATRAMAN,PAL MERIAM,Laki-laki,3192
2016,PROVINSI DKI JAKARTA,JAKARTA TIMUR,MATRAMAN,KEBON MANGGIS,Laki-laki,2738
2016,PROVINSI DKI JAKARTA,JAKARTA TIMUR,MATRAMAN,UTAN KAYU SELATAN,Laki-laki,5679
2016,PROVINSI DKI JAKARTA,JAKARTA TIMUR,PULO GADUNG,PULO GADUNG,Laki-laki,5729
2016,PROVINSI DKI JAKARTA,JAKARTA TIMUR,PULO GADUNG,PISANGAN TIMUR,Laki-laki,7118
2016,PROVINSI DKI JAKARTA,JAKARTA TIMUR,PULO GADUNG,CIPINANG,Laki-laki,6863
2016,PROVINSI DKI JAKARTA,JAKARTA TIMUR,PULO GADUNG,JATINEGARA KAUM,Laki-laki,4379
2016,PROVINSI DKI JAKARTA,JAKARTA TIMUR,PULO GADUNG,RAWAMANGUN,Laki-laki,6197
2016,PROVINSI DKI JAKARTA,JAKARTA TIMUR,PULO GADUNG,KAYU PUTIH,Laki-laki,6632
2016,PROVINSI DKI JAKARTA,JAKARTA TIMUR,PULO GADUNG,JATI,Laki-laki,5336
2016,PROVINSI DKI JAKARTA,JAKARTA TIMUR,JATINEGARA,KAMPUNG MELAYU,Laki-laki,4770
2016,PROVINSI DKI JAKARTA,JAKARTA TIMUR,JATINEGARA,BIDARA CINA,Laki-laki,6207
2016,PROVINSI DKI JAKARTA,JAKARTA TIMUR,JATINEGARA,BALI MESTER,Laki-laki,1351
2016,PROVINSI DKI JAKARTA,JAKARTA TIMUR,JATINEGARA,RAWA BUNGA,Laki-laki,3713
2016,PROVINSI DKI JAKARTA,JAKARTA TIMUR,JATINEGARA,CIPINANG CEMPEDAK,Laki-laki,5083
2016,PROVINSI DKI JAKARTA,JAKARTA TIMUR,JATINEGARA,CIPINANG MUARA,Laki-laki,9216
2016,PROVINSI DKI JAKARTA,JAKARTA TIMUR,JATINEGARA,CIPINANG BESAR SELATAN,Laki-laki,6102
2016,PROVINSI DKI JAKARTA,JAKARTA TIMUR,JATINEGARA,CIPINANG BESAR UTARA,Laki-laki,8926
2016,PROVINSI DKI JAKARTA,JAKARTA TIMUR,KRAMAT JATI,KRAMAT JATI,Laki-laki,5728
2016,PROVINSI DKI JAKARTA,JAKARTA TIMUR,KRAMAT JATI,KAMPUNG TENGAH,Laki-laki,7774
2016,PROVINSI DKI JAKARTA,JAKARTA TIMUR,KRAMAT JATI,DUKUH,Laki-laki,4364
2016,PROVINSI DKI JAKARTA,JAKARTA TIMUR,KRAMAT JATI,BATU AMPAR,Laki-laki,8274
2016,PROVINSI DKI JAKARTA,JAKARTA TIMUR,KRAMAT JATI,BALE KAMBANG,Laki-laki,4967
2016,PROVINSI DKI JAKARTA,JAKARTA TIMUR,KRAMAT JATI,CILILITAN,Laki-laki,6878
2016,PROVINSI DKI JAKARTA,JAKARTA TIMUR,KRAMAT JATI,CAWANG,Laki-laki,5529
2016,PROVINSI DKI JAKARTA,JAKARTA TIMUR,PASAR REBO,GEDONG,Laki-laki,6007
2016,PROVINSI DKI JAKARTA,JAKARTA TIMUR,PASAR REBO,BARU,Laki-laki,4456
2016,PROVINSI DKI JAKARTA,JAKARTA TIMUR,PASAR REBO,CIJANTUNG,Laki-laki,6837
2016,PROVINSI DKI JAKARTA,JAKARTA TIMUR,PASAR REBO,KALISARI,Laki-laki,7352
2016,PROVINSI DKI JAKARTA,JAKARTA TIMUR,PASAR REBO,PEKAYON,Laki-laki,7320
2016,PROVINSI DKI JAKARTA,JAKARTA TIMUR,CAKUNG,JATINEGARA,Laki-laki,15339
2016,PROVINSI DKI JAKARTA,JAKARTA TIMUR,CAKUNG,RAWA TERATE,Laki-laki,4634
2016,PROVINSI DKI JAKARTA,JAKARTA TIMUR,CAKUNG,PENGGILINGAN,Laki-laki,17336
2016,PROVINSI DKI JAKARTA,JAKARTA TIMUR,CAKUNG,CAKUNG TIMUR,Laki-laki,10309
2016,PROVINSI DKI JAKARTA,JAKARTA TIMUR,CAKUNG,PULO GEBANG,Laki-laki,16590
2016,PROVINSI DKI JAKARTA,JAKARTA TIMUR,CAKUNG,UJUNG MENTENG,Laki-laki,5203
2016,PROVINSI DKI JAKARTA,JAKARTA TIMUR,CAKUNG,CAKUNG BARAT,Laki-laki,11005
2016,PROVINSI DKI JAKARTA,JAKARTA TIMUR,DUREN SAWIT,DUREN SAWIT,Laki-laki,9917
2016,PROVINSI DKI JAKARTA,JAKARTA TIMUR,DUREN SAWIT,PONDOK BAMBU,Laki-laki,10163
2016,PROVINSI DKI JAKARTA,JAKARTA TIMUR,DUREN SAWIT,KLENDER,Laki-laki,12441
2016,PROVINSI DKI JAKARTA,JAKARTA TIMUR,DUREN SAWIT,PONDOK KELAPA,Laki-laki,11493
2016,PROVINSI DKI JAKARTA,JAKARTA TIMUR,DUREN SAWIT,MALAKA SARI,Laki-laki,4590
2016,PROVINSI DKI JAKARTA,JAKARTA TIMUR,DUREN SAWIT,MALAKA JAYA,Laki-laki,5264
2016,PROVINSI DKI JAKARTA,JAKARTA TIMUR,DUREN SAWIT,PONDOK KOPI,Laki-laki,5876
2016,PROVINSI DKI JAKARTA,JAKARTA TIMUR,MAKASAR,MAKASAR,Laki-laki,5781
2016,PROVINSI DKI JAKARTA,JAKARTA TIMUR,MAKASAR,PINANG RANTI,Laki-laki,4633
2016,PROVINSI DKI JAKARTA,JAKARTA TIMUR,MAKASAR,KEBON PALA,Laki-laki,7987
2016,PROVINSI DKI JAKARTA,JAKARTA TIMUR,MAKASAR,HALIM PERDANA KUSUMAH,Laki-laki,5116
2016,PROVINSI DKI JAKARTA,JAKARTA TIMUR,MAKASAR,CIPINANG MELAYU,Laki-laki,7261
2016,PROVINSI DKI JAKARTA,JAKARTA TIMUR,CIRACAS,CIRACAS,Laki-laki,11120
2016,PROVINSI DKI JAKARTA,JAKARTA TIMUR,CIRACAS,CIBUBUR,Laki-laki,11067
2016,PROVINSI DKI JAKARTA,JAKARTA TIMUR,CIRACAS,KELAPA DUA WETAN,Laki-laki,7400
2016,PROVINSI DKI JAKARTA,JAKARTA TIMUR,CIRACAS,SUSUKAN,Laki-laki,6350
2016,PROVINSI DKI JAKARTA,JAKARTA TIMUR,CIRACAS,RAMBUTAN,Laki-laki,6456
2016,PROVINSI DKI JAKARTA,JAKARTA TIMUR,CIPAYUNG,CIPAYUNG,Laki-laki,4504
2016,PROVINSI DKI JAKARTA,JAKARTA TIMUR,CIPAYUNG,CILANGKAP,Laki-laki,4811
2016,PROVINSI DKI JAKARTA,JAKARTA TIMUR,CIPAYUNG,PONDOK RANGGON,Laki-laki,4359
2016,PROVINSI DKI JAKARTA,JAKARTA TIMUR,CIPAYUNG,MUNJUL,Laki-laki,4120
2016,PROVINSI DKI JAKARTA,JAKARTA TIMUR,CIPAYUNG,SETU,Laki-laki,3507
2016,PROVINSI DKI JAKARTA,JAKARTA TIMUR,CIPAYUNG,BAMBU APUS,Laki-laki,4382
2016,PROVINSI DKI JAKARTA,JAKARTA TIMUR,CIPAYUNG,LUBANG BUAYA,Laki-laki,11129
2016,PROVINSI DKI JAKARTA,JAKARTA TIMUR,CIPAYUNG,CEGER,Laki-laki,3331
2016,PROVINSI DKI JAKARTA,KAB.ADM.KEP.SERIBU,KEP. SERIBU UTR,P. PANGGANG,Perempuan,1187
2016,PROVINSI DKI JAKARTA,KAB.ADM.KEP.SERIBU,KEP. SERIBU UTR,P. KELAPA,Perempuan,1241
2016,PROVINSI DKI JAKARTA,KAB.ADM.KEP.SERIBU,KEP. SERIBU UTR,P. HARAPAN,Perempuan,435
2016,PROVINSI DKI JAKARTA,KAB.ADM.KEP.SERIBU,KEP. SERIBU SLT,P. UNTUNG JAWA,Perempuan,394
2016,PROVINSI DKI JAKARTA,KAB.ADM.KEP.SERIBU,KEP. SERIBU SLT,P. TIDUNG,Perempuan,998
2016,PROVINSI DKI JAKARTA,KAB.ADM.KEP.SERIBU,KEP. SERIBU SLT,P. PARI,Perempuan,562
2016,PROVINSI DKI JAKARTA,JAKARTA PUSAT,GAMBIR,GAMBIR,Perempuan,391
2016,PROVINSI DKI JAKARTA,JAKARTA PUSAT,GAMBIR,CIDENG,Perempuan,2469
2016,PROVINSI DKI JAKARTA,JAKARTA PUSAT,GAMBIR,PETOJO UTARA,Perempuan,2914
2016,PROVINSI DKI JAKARTA,JAKARTA PUSAT,GAMBIR,PETOJO SELATAN,Perempuan,2392
2016,PROVINSI DKI JAKARTA,JAKARTA PUSAT,GAMBIR,KEBON KELAPA,Perempuan,1670
2016,PROVINSI DKI JAKARTA,JAKARTA PUSAT,GAMBIR,DURI PULO,Perempuan,3650
2016,PROVINSI DKI JAKARTA,JAKARTA PUSAT,SAWAH BESAR,PASAR BARU,Perempuan,1824
2016,PROVINSI DKI JAKARTA,JAKARTA PUSAT,SAWAH BESAR,KARANG ANYAR,Perempuan,4700
2016,PROVINSI DKI JAKARTA,JAKARTA PUSAT,SAWAH BESAR,KARTINI,Perempuan,3901
2016,PROVINSI DKI JAKARTA,JAKARTA PUSAT,SAWAH BESAR,GUNUNG SAHARI UTARA,Perempuan,2630
2016,PROVINSI DKI JAKARTA,JAKARTA PUSAT,SAWAH BESAR,MANGGA DUA SELATAN,Perempuan,4807
2016,PROVINSI DKI JAKARTA,JAKARTA PUSAT,KEMAYORAN,KEMAYORAN,Perempuan,3739
2016,PROVINSI DKI JAKARTA,JAKARTA PUSAT,KEMAYORAN,KEBON KOSONG,Perempuan,5545
2016,PROVINSI DKI JAKARTA,JAKARTA PUSAT,KEMAYORAN,HARAPAN MULIA,Perempuan,4317
2016,PROVINSI DKI JAKARTA,JAKARTA PUSAT,KEMAYORAN,SERDANG,Perempuan,5690
2016,PROVINSI DKI JAKARTA,JAKARTA PUSAT,KEMAYORAN,GUNUNG SAHARI SELATAN,Perempuan,3386
2016,PROVINSI DKI JAKARTA,JAKARTA PUSAT,KEMAYORAN,CEMPAKA BARU,Perempuan,6209
2016,PROVINSI DKI JAKARTA,JAKARTA PUSAT,KEMAYORAN,SUMUR BATU,Perempuan,4128
2016,PROVINSI DKI JAKARTA,JAKARTA PUSAT,KEMAYORAN,UTAN PANJANG,Perempuan,5676
2016,PROVINSI DKI JAKARTA,JAKARTA PUSAT,SENEN,SENEN,Perempuan,1219
2016,PROVINSI DKI JAKARTA,JAKARTA PUSAT,SENEN,KENARI,Perempuan,1500
2016,PROVINSI DKI JAKARTA,JAKARTA PUSAT,SENEN,PASEBAN,Perempuan,4132
2016,PROVINSI DKI JAKARTA,JAKARTA PUSAT,SENEN,KRAMAT,Perempuan,5351
2016,PROVINSI DKI JAKARTA,JAKARTA PUSAT,SENEN,KWITANG,Perempuan,2788
2016,PROVINSI DKI JAKARTA,JAKARTA PUSAT,SENEN,BUNGUR,Perempuan,3271
2016,PROVINSI DKI JAKARTA,JAKARTA PUSAT,CEMPAKA PUTIH,CEMPAKA PUTIH TIMUR,Perempuan,4046
2016,PROVINSI DKI JAKARTA,JAKARTA PUSAT,CEMPAKA PUTIH,CEMPAKA PUTIH BARAT,Perempuan,6470
2016,PROVINSI DKI JAKARTA,JAKARTA PUSAT,CEMPAKA PUTIH,RAWASARI,Perempuan,3741
2016,PROVINSI DKI JAKARTA,JAKARTA PUSAT,MENTENG,MENTENG,Perempuan,4540
2016,PROVINSI DKI JAKARTA,JAKARTA PUSAT,MENTENG,PEGANGSAAN,Perempuan,4248
2016,PROVINSI DKI JAKARTA,JAKARTA PUSAT,MENTENG,CIKINI,Perempuan,1397
2016,PROVINSI DKI JAKARTA,JAKARTA PUSAT,MENTENG,GONDANGDIA,Perempuan,573
2016,PROVINSI DKI JAKARTA,JAKARTA PUSAT,MENTENG,KEBON SIRIH,Perempuan,2244
2016,PROVINSI DKI JAKARTA,JAKARTA PUSAT,TANAH ABANG,GELORA,Perempuan,584
2016,PROVINSI DKI JAKARTA,JAKARTA PUSAT,TANAH ABANG,BENDUNGAN HILIR,Perempuan,3727
2016,PROVINSI DKI JAKARTA,JAKARTA PUSAT,TANAH ABANG,KARET TENGSIN,Perempuan,3591
2016,PROVINSI DKI JAKARTA,JAKARTA PUSAT,TANAH ABANG,PETAMBURAN,Perempuan,6724
2016,PROVINSI DKI JAKARTA,JAKARTA PUSAT,TANAH ABANG,KEBON MELATI,Perempuan,6465
2016,PROVINSI DKI JAKARTA,JAKARTA PUSAT,TANAH ABANG,KEBON KACANG,Perempuan,3745
2016,PROVINSI DKI JAKARTA,JAKARTA PUSAT,TANAH ABANG,KAMPUNG BALI,Perempuan,2245
2016,PROVINSI DKI JAKARTA,JAKARTA PUSAT,JOHAR BARU,JOHAR BARU,Perempuan,6856
2016,PROVINSI DKI JAKARTA,JAKARTA PUSAT,JOHAR BARU,KAMPUNG RAWA,Perempuan,4290
2016,PROVINSI DKI JAKARTA,JAKARTA PUSAT,JOHAR BARU,GALUR,Perempuan,3469
2016,PROVINSI DKI JAKARTA,JAKARTA PUSAT,JOHAR BARU,TANAH TINGGI,Perempuan,7351
2016,PROVINSI DKI JAKARTA,JAKARTA UTARA,PENJARINGAN,PENJARINGAN,Perempuan,16134
2016,PROVINSI DKI JAKARTA,JAKARTA UTARA,PENJARINGAN,KAMAL MUARA,Perempuan,2131
2016,PROVINSI DKI JAKARTA,JAKARTA UTARA,PENJARINGAN,KAPUK MUARA,Perempuan,5448
2016,PROVINSI DKI JAKARTA,JAKARTA UTARA,PENJARINGAN,PEJAGALAN,Perempuan,11539
2016,PROVINSI DKI JAKARTA,JAKARTA UTARA,PENJARINGAN,PLUIT,Perempuan,5995
2016,PROVINSI DKI JAKARTA,JAKARTA UTARA,TANJUNG PRIOK,TANJUNG PRIOK,Perempuan,6079
2016,PROVINSI DKI JAKARTA,JAKARTA UTARA,TANJUNG PRIOK,SUNTER JAYA,Perempuan,9619
2016,PROVINSI DKI JAKARTA,JAKARTA UTARA,TANJUNG PRIOK,PAPANGGO,Perempuan,6938
2016,PROVINSI DKI JAKARTA,JAKARTA UTARA,TANJUNG PRIOK,SUNGAI BAMBU,Perempuan,4996
2016,PROVINSI DKI JAKARTA,JAKARTA UTARA,TANJUNG PRIOK,KEBON BAWANG,Perempuan,8676
2016,PROVINSI DKI JAKARTA,JAKARTA UTARA,TANJUNG PRIOK,SUNTER AGUNG,Perempuan,10604
2016,PROVINSI DKI JAKARTA,JAKARTA UTARA,TANJUNG PRIOK,WARAKAS,Perempuan,7883
2016,PROVINSI DKI JAKARTA,JAKARTA UTARA,KOJA,KOJA,Perempuan,4781
2016,PROVINSI DKI JAKARTA,JAKARTA UTARA,KOJA,TUGU UTARA,Perempuan,12076
2016,PROVINSI DKI JAKARTA,JAKARTA UTARA,KOJA,LAGOA,Perempuan,10363
2016,PROVINSI DKI JAKARTA,JAKARTA UTARA,KOJA,RAWA BADAK UTARA,Perempuan,5953
2016,PROVINSI DKI JAKARTA,JAKARTA UTARA,KOJA,TUGU SELATAN,Perempuan,6910
2016,PROVINSI DKI JAKARTA,JAKARTA UTARA,KOJA,RAWA BADAK SELATAN,Perempuan,7481
2016,PROVINSI DKI JAKARTA,JAKARTA UTARA,CILINCING,CILINCING,Perempuan,8172
2016,PROVINSI DKI JAKARTA,JAKARTA UTARA,CILINCING,SUKAPURA,Perempuan,9544
2016,PROVINSI DKI JAKARTA,JAKARTA UTARA,CILINCING,MARUNDA,Perempuan,5228
2016,PROVINSI DKI JAKARTA,JAKARTA UTARA,CILINCING,KALI BARU,Perempuan,13791
2016,PROVINSI DKI JAKARTA,JAKARTA UTARA,CILINCING,SEMPER TIMUR,Perempuan,6412
2016,PROVINSI DKI JAKARTA,JAKARTA UTARA,CILINCING,ROROTAN,Perempuan,7314
2016,PROVINSI DKI JAKARTA,JAKARTA UTARA,CILINCING,SEMPER BARAT,Perempuan,12052
2016,PROVINSI DKI JAKARTA,JAKARTA UTARA,PADEMANGAN,PADEMANGAN TIMUR,Perempuan,5392
2016,PROVINSI DKI JAKARTA,JAKARTA UTARA,PADEMANGAN,PADEMANGAN BARAT,Perempuan,12692
2016,PROVINSI DKI JAKARTA,JAKARTA UTARA,PADEMANGAN,ANCOL,Perempuan,4030
2016,PROVINSI DKI JAKARTA,JAKARTA UTARA,KELAPA GADING,KELAPA GADING TIMUR,Perempuan,4076
2016,PROVINSI DKI JAKARTA,JAKARTA UTARA,KELAPA GADING,PEGANGSAAN DUA,Perempuan,6717
2016,PROVINSI DKI JAKARTA,JAKARTA UTARA,KELAPA GADING,KELAPA GADING BARAT,Perempuan,5077
2016,PROVINSI DKI JAKARTA,JAKARTA BARAT,CENGKARENG,CENGKARENG BARAT,Perempuan,10158
2016,PROVINSI DKI JAKARTA,JAKARTA BARAT,CENGKARENG,DURI KOSAMBI,Perempuan,12747
2016,PROVINSI DKI JAKARTA,JAKARTA BARAT,CENGKARENG,RAWA BUAYA,Perempuan,9816
2016,PROVINSI DKI JAKARTA,JAKARTA BARAT,CENGKARENG,KEDAUNG KALI ANGKE,Perempuan,5037
2016,PROVINSI DKI JAKARTA,JAKARTA BARAT,CENGKARENG,KAPUK,Perempuan,22855
2016,PROVINSI DKI JAKARTA,JAKARTA BARAT,CENGKARENG,CENGKARENG TIMUR,Perempuan,12998
2016,PROVINSI DKI JAKARTA,JAKARTA BARAT,GROGOL PETAMBURAN,GROGOL,Perempuan,2242
2016,PROVINSI DKI JAKARTA,JAKARTA BARAT,GROGOL PETAMBURAN,TANJUNG DUREN UTARA,Perempuan,2076
2016,PROVINSI DKI JAKARTA,JAKARTA BARAT,GROGOL PETAMBURAN,TOMANG,Perempuan,3913
2016,PROVINSI DKI JAKARTA,JAKARTA BARAT,GROGOL PETAMBURAN,JELAMBAR,Perempuan,3872
2016,PROVINSI DKI JAKARTA,JAKARTA BARAT,GROGOL PETAMBURAN,TANJUNG DUREN SELATAN,Perempuan,3064
2016,PROVINSI DKI JAKARTA,JAKARTA BARAT,GROGOL PETAMBURAN,JELAMBAR BARU,Perempuan,5056
2016,PROVINSI DKI JAKARTA,JAKARTA BARAT,GROGOL PETAMBURAN,WIJAYA KUSUMA,Perempuan,5408
2016,PROVINSI DKI JAKARTA,JAKARTA BARAT,TAMAN SARI,TAMAN SARI,Perempuan,1806
2016,PROVINSI DKI JAKARTA,JAKARTA BARAT,TAMAN SARI,KRUKUT,Perempuan,2669
2016,PROVINSI DKI JAKARTA,JAKARTA BARAT,TAMAN SARI,MAPHAR,Perempuan,2093
2016,PROVINSI DKI JAKARTA,JAKARTA BARAT,TAMAN SARI,TANGKI,Perempuan,1621
2016,PROVINSI DKI JAKARTA,JAKARTA BARAT,TAMAN SARI,MANGGA BESAR,Perempuan,908
2016,PROVINSI DKI JAKARTA,JAKARTA BARAT,TAMAN SARI,KEAGUNGAN,Perempuan,2388
2016,PROVINSI DKI JAKARTA,JAKARTA BARAT,TAMAN SARI,GLODOK,Perempuan,719
2016,PROVINSI DKI JAKARTA,JAKARTA BARAT,TAMAN SARI,PINANGSIA,Perempuan,1406
2016,PROVINSI DKI JAKARTA,JAKARTA BARAT,TAMBORA,TAMBORA,Perempuan,1508
2016,PROVINSI DKI JAKARTA,JAKARTA BARAT,TAMBORA,KALI ANYAR,Perempuan,3837
2016,PROVINSI DKI JAKARTA,JAKARTA BARAT,TAMBORA,DURI UTARA,Perempuan,2970
2016,PROVINSI DKI JAKARTA,JAKARTA BARAT,TAMBORA,TANAH SEREAL,Perempuan,3629
2016,PROVINSI DKI JAKARTA,JAKARTA BARAT,TAMBORA,KERENDANG,Perempuan,3119
2016,PROVINSI DKI JAKARTA,JAKARTA BARAT,TAMBORA,JEMBATAN BESI,Perempuan,4723
2016,PROVINSI DKI JAKARTA,JAKARTA BARAT,TAMBORA,ANGKE,Perempuan,4378
2016,PROVINSI DKI JAKARTA,JAKARTA BARAT,TAMBORA,JEMBATAN LIMA,Perempuan,3026
2016,PROVINSI DKI JAKARTA,JAKARTA BARAT,TAMBORA,PEKOJAN,Perempuan,3012
2016,PROVINSI DKI JAKARTA,JAKARTA BARAT,TAMBORA,ROA MALAKA,Perempuan,348
2016,PROVINSI DKI JAKARTA,JAKARTA BARAT,TAMBORA,DURI SELATAN,Perempuan,1986
2016,PROVINSI DKI JAKARTA,JAKARTA BARAT,KEBON JERUK,KEBON JERUK,Perempuan,7742
2016,PROVINSI DKI JAKARTA,JAKARTA BARAT,KEBON JERUK,SUKABUMI UTARA,Perempuan,5947
2016,PROVINSI DKI JAKARTA,JAKARTA BARAT,KEBON JERUK,SUKABUMI SELATAN,Perempuan,5933
2016,PROVINSI DKI JAKARTA,JAKARTA BARAT,KEBON JERUK,KELAPA DUA,Perempuan,3610
2016,PROVINSI DKI JAKARTA,JAKARTA BARAT,KEBON JERUK,DURI KEPA,Perempuan,8033
2016,PROVINSI DKI JAKARTA,JAKARTA BARAT,KEBON JERUK,KEDOYA UTARA,Perempuan,6157
2016,PROVINSI DKI JAKARTA,JAKARTA BARAT,KEBON JERUK,KEDOYA SELATAN,Perempuan,4546
2016,PROVINSI DKI JAKARTA,JAKARTA BARAT,KALI DERES,KALIDERES,Perempuan,10900
2016,PROVINSI DKI JAKARTA,JAKARTA BARAT,KALI DERES,SEMANAN,Perempuan,11488
2016,PROVINSI DKI JAKARTA,JAKARTA BARAT,KALI DERES,TEGAL ALUR,Perempuan,13397
2016,PROVINSI DKI JAKARTA,JAKARTA BARAT,KALI DERES,KAMAL,Perempuan,8920
2016,PROVINSI DKI JAKARTA,JAKARTA BARAT,KALI DERES,PEGADUNGAN,Perempuan,11443
2016,PROVINSI DKI JAKARTA,JAKARTA BARAT,PALMERAH,PALMERAH,Perempuan,9367
2016,PROVINSI DKI JAKARTA,JAKARTA BARAT,PALMERAH,SLIPI,Perempuan,2344
2016,PROVINSI DKI JAKARTA,JAKARTA BARAT,PALMERAH,KOTA BAMBU UTARA,Perempuan,3965
2016,PROVINSI DKI JAKARTA,JAKARTA BARAT,PALMERAH,JATI PULO,Perempuan,4401
2016,PROVINSI DKI JAKARTA,JAKARTA BARAT,PALMERAH,KEMANGGISAN,Perempuan,4606
2016,PROVINSI DKI JAKARTA,JAKARTA BARAT,PALMERAH,KOTA BAMBU SELATAN,Perempuan,3387
2016,PROVINSI DKI JAKARTA,JAKARTA BARAT,KEMBANGAN,KEMBANGAN UTARA,Perempuan,8269
2016,PROVINSI DKI JAKARTA,JAKARTA BARAT,KEMBANGAN,MERUYA UTARA,Perempuan,5790
2016,PROVINSI DKI JAKARTA,JAKARTA BARAT,KEMBANGAN,MERUYA SELATAN,Perempuan,4723
2016,PROVINSI DKI JAKARTA,JAKARTA BARAT,KEMBANGAN,SRENGSENG,Perempuan,6575
2016,PROVINSI DKI JAKARTA,JAKARTA BARAT,KEMBANGAN,JOGLO,Perempuan,5961
2016,PROVINSI DKI JAKARTA,JAKARTA BARAT,KEMBANGAN,KEMBANGAN SELATAN,Perempuan,3506
2016,PROVINSI DKI JAKARTA,JAKARTA SELATAN,TEBET,TEBET TIMUR,Perempuan,2749
2016,PROVINSI DKI JAKARTA,JAKARTA SELATAN,TEBET,TEBET BARAT,Perempuan,3169
2016,PROVINSI DKI JAKARTA,JAKARTA SELATAN,TEBET,MENTENG DALAM,Perempuan,6068
2016,PROVINSI DKI JAKARTA,JAKARTA SELATAN,TEBET,KEBON BARU,Perempuan,5881
2016,PROVINSI DKI JAKARTA,JAKARTA SELATAN,TEBET,BUKIT DURI,Perempuan,5827
2016,PROVINSI DKI JAKARTA,JAKARTA SELATAN,TEBET,MANGGARAI SELATAN,Perempuan,3791
2016,PROVINSI DKI JAKARTA,JAKARTA SELATAN,TEBET,MANGGARAI,Perempuan,4860
2016,PROVINSI DKI JAKARTA,JAKARTA SELATAN,SETIA BUDI,SETIA BUDI,Perempuan,448
2016,PROVINSI DKI JAKARTA,JAKARTA SELATAN,SETIA BUDI,KARET SEMANGGI,Perempuan,355
2016,PROVINSI DKI JAKARTA,JAKARTA SELATAN,SETIA BUDI,KARET KUNINGAN,Perempuan,2399
2016,PROVINSI DKI JAKARTA,JAKARTA SELATAN,SETIA BUDI,KARET,Perempuan,1412
2016,PROVINSI DKI JAKARTA,JAKARTA SELATAN,SETIA BUDI,MENTENG ATAS,Perempuan,4553
2016,PROVINSI DKI JAKARTA,JAKARTA SELATAN,SETIA BUDI,PASAR MANGGIS,Perempuan,4593
2016,PROVINSI DKI JAKARTA,JAKARTA SELATAN,SETIA BUDI,GUNTUR,Perempuan,498
2016,PROVINSI DKI JAKARTA,JAKARTA SELATAN,SETIA BUDI,KUNINGAN TIMUR,Perempuan,943
2016,PROVINSI DKI JAKARTA,JAKARTA SELATAN,MAMPANG PRAPATAN,MAMPANG PRAPATAN,Perempuan,3159
2016,PROVINSI DKI JAKARTA,JAKARTA SELATAN,MAMPANG PRAPATAN,BANGKA,Perempuan,3479
2016,PROVINSI DKI JAKARTA,JAKARTA SELATAN,MAMPANG PRAPATAN,PELA MAMPANG,Perempuan,7064
2016,PROVINSI DKI JAKARTA,JAKARTA SELATAN,MAMPANG PRAPATAN,TEGAL PARANG,Perempuan,5467
2016,PROVINSI DKI JAKARTA,JAKARTA SELATAN,MAMPANG PRAPATAN,KUNINGAN BARAT,Perempuan,2118
2016,PROVINSI DKI JAKARTA,JAKARTA SELATAN,PASAR MINGGU,PASAR MINGGU,Perempuan,3592
2016,PROVINSI DKI JAKARTA,JAKARTA SELATAN,PASAR MINGGU,JATI PADANG,Perempuan,5895
2016,PROVINSI DKI JAKARTA,JAKARTA SELATAN,PASAR MINGGU,CILANDAK TIMUR,Perempuan,3929
2016,PROVINSI DKI JAKARTA,JAKARTA SELATAN,PASAR MINGGU,RAGUNAN,Perempuan,5966
2016,PROVINSI DKI JAKARTA,JAKARTA SELATAN,PASAR MINGGU,PEJATEN TIMUR,Perempuan,9478
2016,PROVINSI DKI JAKARTA,JAKARTA SELATAN,PASAR MINGGU,PEJATEN BARAT,Perempuan,5683
2016,PROVINSI DKI JAKARTA,JAKARTA SELATAN,PASAR MINGGU,KEBAGUSAN,Perempuan,7232
2016,PROVINSI DKI JAKARTA,JAKARTA SELATAN,KEBAYORAN LAMA,KEBAYORAN LAMA UTARA,Perempuan,6698
2016,PROVINSI DKI JAKARTA,JAKARTA SELATAN,KEBAYORAN LAMA,PONDOK PINANG,Perempuan,8427
2016,PROVINSI DKI JAKARTA,JAKARTA SELATAN,KEBAYORAN LAMA,CIPULIR,Perempuan,6393
2016,PROVINSI DKI JAKARTA,JAKARTA SELATAN,KEBAYORAN LAMA,GROGOL UTARA,Perempuan,6648
2016,PROVINSI DKI JAKARTA,JAKARTA SELATAN,KEBAYORAN LAMA,GROGOL SELATAN,Perempuan,6889
2016,PROVINSI DKI JAKARTA,JAKARTA SELATAN,KEBAYORAN LAMA,KEBAYORAN LAMA SELATAN,Perempuan,6282
2016,PROVINSI DKI JAKARTA,JAKARTA SELATAN,CILANDAK,CILANDAK BARAT,Perempuan,7669
2016,PROVINSI DKI JAKARTA,JAKARTA SELATAN,CILANDAK,LEBAK BULUS,Perempuan,5459
2016,PROVINSI DKI JAKARTA,JAKARTA SELATAN,CILANDAK,PONDOK LABU,Perempuan,7295
2016,PROVINSI DKI JAKARTA,JAKARTA SELATAN,CILANDAK,GANDARIA SELATAN,Perempuan,3351
2016,PROVINSI DKI JAKARTA,JAKARTA SELATAN,CILANDAK,CIPETE SELATAN,Perempuan,4026
2016,PROVINSI DKI JAKARTA,JAKARTA SELATAN,KEBAYORAN BARU,MELAWAI,Perempuan,320
2016,PROVINSI DKI JAKARTA,JAKARTA SELATAN,KEBAYORAN BARU,GUNUNG,Perempuan,1289
2016,PROVINSI DKI JAKARTA,JAKARTA SELATAN,KEBAYORAN BARU,KRAMAT PELA,Perempuan,2098
2016,PROVINSI DKI JAKARTA,JAKARTA SELATAN,KEBAYORAN BARU,SELONG,Perempuan,328
2016,PROVINSI DKI JAKARTA,JAKARTA SELATAN,KEBAYORAN BARU,RAWA BARAT,Perempuan,664
2016,PROVINSI DKI JAKARTA,JAKARTA SELATAN,KEBAYORAN BARU,SENAYAN,Perempuan,429
2016,PROVINSI DKI JAKARTA,JAKARTA SELATAN,KEBAYORAN BARU,PULO,Perempuan,771
2016,PROVINSI DKI JAKARTA,JAKARTA SELATAN,KEBAYORAN BARU,PETOGOGAN,Perempuan,1703
2016,PROVINSI DKI JAKARTA,JAKARTA SELATAN,KEBAYORAN BARU,GANDARIA UTARA,Perempuan,6047
2016,PROVINSI DKI JAKARTA,JAKARTA SELATAN,KEBAYORAN BARU,CIPETE UTARA,Perempuan,5531
2016,PROVINSI DKI JAKARTA,JAKARTA SELATAN,PANCORAN,PANCORAN,Perempuan,3150
2016,PROVINSI DKI JAKARTA,JAKARTA SELATAN,PANCORAN,KALIBATA,Perempuan,6701
2016,PROVINSI DKI JAKARTA,JAKARTA SELATAN,PANCORAN,RAWA JATI,Perempuan,2848
2016,PROVINSI DKI JAKARTA,JAKARTA SELATAN,PANCORAN,DUREN TIGA,Perempuan,4181
2016,PROVINSI DKI JAKARTA,JAKARTA SELATAN,PANCORAN,PENGADEGAN,Perempuan,3184
2016,PROVINSI DKI JAKARTA,JAKARTA SELATAN,PANCORAN,CIKOKO,Perempuan,1648
2016,PROVINSI DKI JAKARTA,JAKARTA SELATAN,JAGAKARSA,JAGAKARSA,Perempuan,9728
2016,PROVINSI DKI JAKARTA,JAKARTA SELATAN,JAGAKARSA,SRENGSENG SAWAH,Perempuan,9312
2016,PROVINSI DKI JAKARTA,JAKARTA SELATAN,JAGAKARSA,CIGANJUR,Perempuan,6085
2016,PROVINSI DKI JAKARTA,JAKARTA SELATAN,JAGAKARSA,LENTENG AGUNG,Perempuan,8738
2016,PROVINSI DKI JAKARTA,JAKARTA SELATAN,JAGAKARSA,TANJUNG BARAT,Perempuan,6481
2016,PROVINSI DKI JAKARTA,JAKARTA SELATAN,JAGAKARSA,CIPEDAK,Perempuan,6119
2016,PROVINSI DKI JAKARTA,JAKARTA SELATAN,PESANGGRAHAN,PESANGGRAHAN,Perempuan,4518
2016,PROVINSI DKI JAKARTA,JAKARTA SELATAN,PESANGGRAHAN,BINTARO,Perempuan,8295
2016,PROVINSI DKI JAKARTA,JAKARTA SELATAN,PESANGGRAHAN,PETUKANGAN UTARA,Perempuan,8912
2016,PROVINSI DKI JAKARTA,JAKARTA SELATAN,PESANGGRAHAN,PETUKANGAN SELATAN,Perempuan,5793
2016,PROVINSI DKI JAKARTA,JAKARTA SELATAN,PESANGGRAHAN,ULUJAMI,Perempuan,6742
2016,PROVINSI DKI JAKARTA,JAKARTA TIMUR,MATRAMAN,PISANGAN BARU,Perempuan,5101
2016,PROVINSI DKI JAKARTA,JAKARTA TIMUR,MATRAMAN,UTAN KAYU UTARA,Perempuan,4500
2016,PROVINSI DKI JAKARTA,JAKARTA TIMUR,MATRAMAN,KAYU MANIS,Perempuan,4216
2016,PROVINSI DKI JAKARTA,JAKARTA TIMUR,MATRAMAN,PAL MERIAM,Perempuan,3134
2016,PROVINSI DKI JAKARTA,JAKARTA TIMUR,MATRAMAN,KEBON MANGGIS,Perempuan,2454
2016,PROVINSI DKI JAKARTA,JAKARTA TIMUR,MATRAMAN,UTAN KAYU SELATAN,Perempuan,5336
2016,PROVINSI DKI JAKARTA,JAKARTA TIMUR,PULO GADUNG,PULO GADUNG,Perempuan,5378
2016,PROVINSI DKI JAKARTA,JAKARTA TIMUR,PULO GADUNG,PISANGAN TIMUR,Perempuan,6711
2016,PROVINSI DKI JAKARTA,JAKARTA TIMUR,PULO GADUNG,CIPINANG,Perempuan,6276
2016,PROVINSI DKI JAKARTA,JAKARTA TIMUR,PULO GADUNG,JATINEGARA KAUM,Perempuan,3975
2016,PROVINSI DKI JAKARTA,JAKARTA TIMUR,PULO GADUNG,RAWAMANGUN,Perempuan,5938
2016,PROVINSI DKI JAKARTA,JAKARTA TIMUR,PULO GADUNG,KAYU PUTIH,Perempuan,6158
2016,PROVINSI DKI JAKARTA,JAKARTA TIMUR,PULO GADUNG,JATI,Perempuan,4927
2016,PROVINSI DKI JAKARTA,JAKARTA TIMUR,JATINEGARA,KAMPUNG MELAYU,Perempuan,4493
2016,PROVINSI DKI JAKARTA,JAKARTA TIMUR,JATINEGARA,BIDARA CINA,Perempuan,5790
2016,PROVINSI DKI JAKARTA,JAKARTA TIMUR,JATINEGARA,BALI MESTER,Perempuan,1361
2016,PROVINSI DKI JAKARTA,JAKARTA TIMUR,JATINEGARA,RAWA BUNGA,Perempuan,3373
2016,PROVINSI DKI JAKARTA,JAKARTA TIMUR,JATINEGARA,CIPINANG CEMPEDAK,Perempuan,4668
2016,PROVINSI DKI JAKARTA,JAKARTA TIMUR,JATINEGARA,CIPINANG MUARA,Perempuan,8566
2016,PROVINSI DKI JAKARTA,JAKARTA TIMUR,JATINEGARA,CIPINANG BESAR SELATAN,Perempuan,5667
2016,PROVINSI DKI JAKARTA,JAKARTA TIMUR,JATINEGARA,CIPINANG BESAR UTARA,Perempuan,8199
2016,PROVINSI DKI JAKARTA,JAKARTA TIMUR,KRAMAT JATI,KRAMAT JATI,Perempuan,5260
2016,PROVINSI DKI JAKARTA,JAKARTA TIMUR,KRAMAT JATI,KAMPUNG TENGAH,Perempuan,7286
2016,PROVINSI DKI JAKARTA,JAKARTA TIMUR,KRAMAT JATI,DUKUH,Perempuan,4077
2016,PROVINSI DKI JAKARTA,JAKARTA TIMUR,KRAMAT JATI,BATU AMPAR,Perempuan,7807
2016,PROVINSI DKI JAKARTA,JAKARTA TIMUR,KRAMAT JATI,BALE KAMBANG,Perempuan,4580
2016,PROVINSI DKI JAKARTA,JAKARTA TIMUR,KRAMAT JATI,CILILITAN,Perempuan,6173
2016,PROVINSI DKI JAKARTA,JAKARTA TIMUR,KRAMAT JATI,CAWANG,Perempuan,5068
2016,PROVINSI DKI JAKARTA,JAKARTA TIMUR,PASAR REBO,GEDONG,Perempuan,5627
2016,PROVINSI DKI JAKARTA,JAKARTA TIMUR,PASAR REBO,BARU,Perempuan,3921
2016,PROVINSI DKI JAKARTA,JAKARTA TIMUR,PASAR REBO,CIJANTUNG,Perempuan,6547
2016,PROVINSI DKI JAKARTA,JAKARTA TIMUR,PASAR REBO,KALISARI,Perempuan,6882
2016,PROVINSI DKI JAKARTA,JAKARTA TIMUR,PASAR REBO,PEKAYON,Perempuan,7021
2016,PROVINSI DKI JAKARTA,JAKARTA TIMUR,CAKUNG,JATINEGARA,Perempuan,14002
2016,PROVINSI DKI JAKARTA,JAKARTA TIMUR,CAKUNG,RAWA TERATE,Perempuan,4293
2016,PROVINSI DKI JAKARTA,JAKARTA TIMUR,CAKUNG,PENGGILINGAN,Perempuan,16109
2016,PROVINSI DKI JAKARTA,JAKARTA TIMUR,CAKUNG,CAKUNG TIMUR,Perempuan,9669
2016,PROVINSI DKI JAKARTA,JAKARTA TIMUR,CAKUNG,PULO GEBANG,Perempuan,15207
2016,PROVINSI DKI JAKARTA,JAKARTA TIMUR,CAKUNG,UJUNG MENTENG,Perempuan,4825
2016,PROVINSI DKI JAKARTA,JAKARTA TIMUR,CAKUNG,CAKUNG BARAT,Perempuan,10157
2016,PROVINSI DKI JAKARTA,JAKARTA TIMUR,DUREN SAWIT,DUREN SAWIT,Perempuan,9248
2016,PROVINSI DKI JAKARTA,JAKARTA TIMUR,DUREN SAWIT,PONDOK BAMBU,Perempuan,9289
2016,PROVINSI DKI JAKARTA,JAKARTA TIMUR,DUREN SAWIT,KLENDER,Perempuan,11518
2016,PROVINSI DKI JAKARTA,JAKARTA TIMUR,DUREN SAWIT,PONDOK KELAPA,Perempuan,10878
2016,PROVINSI DKI JAKARTA,JAKARTA TIMUR,DUREN SAWIT,MALAKA SARI,Perempuan,4157
2016,PROVINSI DKI JAKARTA,JAKARTA TIMUR,DUREN SAWIT,MALAKA JAYA,Perempuan,4894
2016,PROVINSI DKI JAKARTA,JAKARTA TIMUR,DUREN SAWIT,PONDOK KOPI,Perempuan,5487
2016,PROVINSI DKI JAKARTA,JAKARTA TIMUR,MAKASAR,MAKASAR,Perempuan,5388
2016,PROVINSI DKI JAKARTA,JAKARTA TIMUR,MAKASAR,PINANG RANTI,Perempuan,4442
2016,PROVINSI DKI JAKARTA,JAKARTA TIMUR,MAKASAR,KEBON PALA,Perempuan,7305
2016,PROVINSI DKI JAKARTA,JAKARTA TIMUR,MAKASAR,HALIM PERDANA KUSUMAH,Perempuan,4983
2016,PROVINSI DKI JAKARTA,JAKARTA TIMUR,MAKASAR,CIPINANG MELAYU,Perempuan,6786
2016,PROVINSI DKI JAKARTA,JAKARTA TIMUR,CIRACAS,CIRACAS,Perempuan,10448
2016,PROVINSI DKI JAKARTA,JAKARTA TIMUR,CIRACAS,CIBUBUR,Perempuan,10454
2016,PROVINSI DKI JAKARTA,JAKARTA TIMUR,CIRACAS,KELAPA DUA WETAN,Perempuan,7076
2016,PROVINSI DKI JAKARTA,JAKARTA TIMUR,CIRACAS,SUSUKAN,Perempuan,5917
2016,PROVINSI DKI JAKARTA,JAKARTA TIMUR,CIRACAS,RAMBUTAN,Perempuan,6003
2016,PROVINSI DKI JAKARTA,JAKARTA TIMUR,CIPAYUNG,CIPAYUNG,Perempuan,3956
2016,PROVINSI DKI JAKARTA,JAKARTA TIMUR,CIPAYUNG,CILANGKAP,Perempuan,4466
2016,PROVINSI DKI JAKARTA,JAKARTA TIMUR,CIPAYUNG,PONDOK RANGGON,Perempuan,4093
2016,PROVINSI DKI JAKARTA,JAKARTA TIMUR,CIPAYUNG,MUNJUL,Perempuan,3820
2016,PROVINSI DKI JAKARTA,JAKARTA TIMUR,CIPAYUNG,SETU,Perempuan,3261
2016,PROVINSI DKI JAKARTA,JAKARTA TIMUR,CIPAYUNG,BAMBU APUS,Perempuan,4122
2016,PROVINSI DKI JAKARTA,JAKARTA TIMUR,CIPAYUNG,LUBANG BUAYA,Perempuan,10580
2016,PROVINSI DKI JAKARTA,JAKARTA TIMUR,CIPAYUNG,CEGER,Perempuan,2965
